mail.ru,mail.ru/,–ü–æ—á—Ç–∞ Mail.Ru,7094149,75
hsdigital,www.hsdigital.ru/,Hearst Shkulev Digital,3292935,83
Lenta,lenta.ru,Lenta.Ru,3175227,80
RS_Total/Riaru_Total,ria.ru,–†–ò–ê –ù–æ–≤–æ—Å—Ç–∏: –≥–ª–∞–≤–Ω—ã–µ –Ω–æ–≤–æ—Å—Ç–∏ —á–∞—Å–∞,3170954,83
kp,kp.ru,–ö–æ–º—Å–æ–º–æ–ª—å—Å–∫–∞—è –ø—Ä–∞–≤–¥–∞-Digital,2547463,69
mic_izvestia,iz.ru,–ò–∑–≤–µ—Å—Ç–∏—è,2187052,82
RBCRU,www.rbc.ru,"–†–ë–ö - –†–æ—Å–ë–∏–∑–Ω–µ—Å–ö–æ–Ω—Å–∞–ª—Ç–∏–Ω–≥ - –Ω–æ–≤–æ—Å—Ç–∏, –∫—É—Ä—Å—ã –≤–∞–ª—é—Ç, –ø–æ–≥–æ–¥–∞",2090267,84
hsdigital/rn/smi,mediakit.iportal.ru,–°–µ—Ç—å –≥–æ—Ä–æ–¥—Å–∫–∏—Ö –ø–æ—Ä—Ç–∞–ª–æ–≤ Shkulev Media Holding,1663963,92
championat_com,championat.com,–ß–µ–º–ø–∏–æ–Ω–∞—Ç: –≤–µ–¥—É—â–∏–π —Å–∞–π—Ç –æ —Å–ø–æ—Ä—Ç–µ,1574799,73
hsdigital/wn,hearst-shkulev-media.ru,Women's Network Hearst Shkulev Media,1406257,75
rg.ru,rg.ru/,–†–æ—Å—Å–∏–π—Å–∫–∞—è –ì–∞–∑–µ—Ç–∞: –∏–∑–¥–∞–Ω–∏–µ –ü—Ä–∞–≤–∏—Ç–µ–ª—å—Å—Ç–≤–∞ –†–§,1389698,84
mk,www.mk.ru,–ú–û–°–ö–û–í–°–ö–ò–ô –ö–û–ú–°–û–ú–û–õ–ï–¶,1317817,82
TASS_total,tass.ru,–¢–ê–°–° - –ù–æ–≤–æ—Å—Ç–∏ –≤ –†–æ—Å—Å–∏–∏ –∏ –º–∏—Ä–µ,1195267,87
go.mail.ru,go.mail.ru/,–ü–æ–∏—Å–∫ Mail.Ru,1167623,73
news.rambler.ru,news.rambler.ru/,–†–∞–º–±–ª–µ—Ä/–º–µ–¥–∏–∞ - –≥–ª–∞–≤–Ω—ã–µ –Ω–æ–≤–æ—Å—Ç–∏ –∏ c–æ–±—ã—Ç–∏—è –≤ –†–æ—Å—Å–∏–∏ –∏ –º–∏—Ä–µ,1135042,81
drom,www.drom.ru,–î—Ä–æ–º - —Ü–µ–Ω—ã –Ω–∞ –º–∞—à–∏–Ω—ã,1112353,88
gazeta_all,www.gazeta.ru/,–ì–∞–∑–µ—Ç–∞.Ru: –ì–ª–∞–≤–Ω—ã–µ –Ω–æ–≤–æ—Å—Ç–∏ –∏ –ø–æ–¥—Ä–æ–±–Ω–æ—Å—Ç–∏ —Ç–µ–∫—É—â–∏—Ö —Å–æ–±—ã—Ç–∏–π,1068092,81
HeadHunter,hh.ru/,HeadHunter Group - Online Hiring Services,1017086,82
Lentainform,lentainform.com/,Lentainform.com - –ù–æ–≤–æ—Å—Ç–Ω–æ–π –∞–≥—Ä–µ–≥–∞—Ç–æ—Ä,1003897,73
kommersant.ru,www.kommersant.ru/,&quot;–ö–æ–º–º–µ—Ä—Å–∞–Ω—Ç—ä&quot;. –ò–∑–¥–∞—Ç–µ–ª—å—Å–∫–∏–π –¥–æ–º,931117,89
2gis,www.2gis.ru,–ö–∞—Ä—Ç–∞ –æ–Ω–ª–∞–π–Ω —Å–æ —Å–ø—Ä–∞–≤–æ—á–Ω–∏–∫–æ–º –æ—Ä–≥–∞–Ω–∏–∑–∞—Ü–∏–π ‚Äî 2–ì–ò–°,893386,78
otvet.mail.ru,otvet.mail.ru/,–û—Ç–≤–µ—Ç—ã Mail.Ru,744006,84
sport-express.ru,sport-express.ru/,–°–ü–û–†–¢-–≠–ö–°–ü–†–ï–°–°,699387,79
farpost,farpost.ru,–°–∞–π—Ç—ã –í–ª–∞–¥–∏–≤–æ—Å—Ç–æ–∫–∞,673332,96
russian.rt.com,russian.rt.com/,RT –Ω–∞ —Ä—É—Å—Å–∫–æ–º,655480,80
kp/radiokpru,radiokp.ru,–†–∞–¥–∏–æ &quot;–ö–æ–º—Å–æ–º–æ–ª—å—Å–∫–∞—è –ø—Ä–∞–≤–¥–∞&quot;,634361,69
ura.ru,ura.ru/,URA.Ru - –†–æ—Å—Å–∏–π—Å–∫–æ–µ –∏–Ω—Ñ–æ—Ä–º–∞—Ü–∏–æ–Ω–Ω–æ–µ –∞–≥–µ–Ω—Ç—Å—Ç–≤–æ,601907,94
Cinemaentertainment,cinemaentertainment.ru,Cinemaentertainment,593007,68
AIF,www.aif.ru,"–ê—Ä–≥—É–º–µ–Ω—Ç—ã –∏ –§–∞–∫—Ç—ã //  –û–±—ä—è—Å–Ω—è–µ–º, —á—Ç–æ –ø—Ä–æ–∏—Å—Ö–æ–¥–∏—Ç",574057,81
riafan.ru,riafan.ru/,–§–µ–¥–µ—Ä–∞–ª—å–Ω–æ–µ –∞–≥–µ–Ω—Ç—Å—Ç–≤–æ –Ω–æ–≤–æ—Å—Ç–µ–π,545163,81
mail.ru,mail.ru/,–ü–æ—á—Ç–∞ Mail.Ru,7094149,75
hsdigital,www.hsdigital.ru/,Hearst Shkulev Digital,3292935,83
Lenta,lenta.ru,Lenta.Ru,3175227,80
RS_Total/Riaru_Total,ria.ru,–†–ò–ê –ù–æ–≤–æ—Å—Ç–∏: –≥–ª–∞–≤–Ω—ã–µ –Ω–æ–≤–æ—Å—Ç–∏ —á–∞—Å–∞,3170954,83
kp,kp.ru,–ö–æ–º—Å–æ–º–æ–ª—å—Å–∫–∞—è –ø—Ä–∞–≤–¥–∞-Digital,2547463,69
mic_izvestia,iz.ru,–ò–∑–≤–µ—Å—Ç–∏—è,2187052,82
RBCRU,www.rbc.ru,"–†–ë–ö - –†–æ—Å–ë–∏–∑–Ω–µ—Å–ö–æ–Ω—Å–∞–ª—Ç–∏–Ω–≥ - –Ω–æ–≤–æ—Å—Ç–∏, –∫—É—Ä—Å—ã –≤–∞–ª—é—Ç, –ø–æ–≥–æ–¥–∞",2090267,84
hsdigital/rn/smi,mediakit.iportal.ru,–°–µ—Ç—å –≥–æ—Ä–æ–¥—Å–∫–∏—Ö –ø–æ—Ä—Ç–∞–ª–æ–≤ Shkulev Media Holding,1663963,92
championat_com,championat.com,–ß–µ–º–ø–∏–æ–Ω–∞—Ç: –≤–µ–¥—É—â–∏–π —Å–∞–π—Ç –æ —Å–ø–æ—Ä—Ç–µ,1574799,73
hsdigital/wn,hearst-shkulev-media.ru,Women's Network Hearst Shkulev Media,1406257,75
rg.ru,rg.ru/,–†–æ—Å—Å–∏–π—Å–∫–∞—è –ì–∞–∑–µ—Ç–∞: –∏–∑–¥–∞–Ω–∏–µ –ü—Ä–∞–≤–∏—Ç–µ–ª—å—Å—Ç–≤–∞ –†–§,1389698,84
mk,www.mk.ru,–ú–û–°–ö–û–í–°–ö–ò–ô –ö–û–ú–°–û–ú–û–õ–ï–¶,1317817,82
TASS_total,tass.ru,–¢–ê–°–° - –ù–æ–≤–æ—Å—Ç–∏ –≤ –†–æ—Å—Å–∏–∏ –∏ –º–∏—Ä–µ,1195267,87
go.mail.ru,go.mail.ru/,–ü–æ–∏—Å–∫ Mail.Ru,1167623,73
news.rambler.ru,news.rambler.ru/,–†–∞–º–±–ª–µ—Ä/–º–µ–¥–∏–∞ - –≥–ª–∞–≤–Ω—ã–µ –Ω–æ–≤–æ—Å—Ç–∏ –∏ c–æ–±—ã—Ç–∏—è –≤ –†–æ—Å—Å–∏–∏ –∏ –º–∏—Ä–µ,1135042,81
drom,www.drom.ru,–î—Ä–æ–º - —Ü–µ–Ω—ã –Ω–∞ –º–∞—à–∏–Ω—ã,1112353,88
gazeta_all,www.gazeta.ru/,–ì–∞–∑–µ—Ç–∞.Ru: –ì–ª–∞–≤–Ω—ã–µ –Ω–æ–≤–æ—Å—Ç–∏ –∏ –ø–æ–¥—Ä–æ–±–Ω–æ—Å—Ç–∏ —Ç–µ–∫—É—â–∏—Ö —Å–æ–±—ã—Ç–∏–π,1068092,81
HeadHunter,hh.ru/,HeadHunter Group - Online Hiring Services,1017086,82
Lentainform,lentainform.com/,Lentainform.com - –ù–æ–≤–æ—Å—Ç–Ω–æ–π –∞–≥—Ä–µ–≥–∞—Ç–æ—Ä,1003897,73
kommersant.ru,www.kommersant.ru/,&quot;–ö–æ–º–º–µ—Ä—Å–∞–Ω—Ç—ä&quot;. –ò–∑–¥–∞—Ç–µ–ª—å—Å–∫–∏–π –¥–æ–º,931117,89
2gis,www.2gis.ru,–ö–∞—Ä—Ç–∞ –æ–Ω–ª–∞–π–Ω —Å–æ —Å–ø—Ä–∞–≤–æ—á–Ω–∏–∫–æ–º –æ—Ä–≥–∞–Ω–∏–∑–∞—Ü–∏–π ‚Äî 2–ì–ò–°,893386,78
otvet.mail.ru,otvet.mail.ru/,–û—Ç–≤–µ—Ç—ã Mail.Ru,744006,84
sport-express.ru,sport-express.ru/,–°–ü–û–†–¢-–≠–ö–°–ü–†–ï–°–°,699387,79
farpost,farpost.ru,–°–∞–π—Ç—ã –í–ª–∞–¥–∏–≤–æ—Å—Ç–æ–∫–∞,673332,96
russian.rt.com,russian.rt.com/,RT –Ω–∞ —Ä—É—Å—Å–∫–æ–º,655480,80
kp/radiokpru,radiokp.ru,–†–∞–¥–∏–æ &quot;–ö–æ–º—Å–æ–º–æ–ª—å—Å–∫–∞—è –ø—Ä–∞–≤–¥–∞&quot;,634361,69
ura.ru,ura.ru/,URA.Ru - –†–æ—Å—Å–∏–π—Å–∫–æ–µ –∏–Ω—Ñ–æ—Ä–º–∞—Ü–∏–æ–Ω–Ω–æ–µ –∞–≥–µ–Ω—Ç—Å—Ç–≤–æ,601907,94
Cinemaentertainment,cinemaentertainment.ru,Cinemaentertainment,593007,68
AIF,www.aif.ru,"–ê—Ä–≥—É–º–µ–Ω—Ç—ã –∏ –§–∞–∫—Ç—ã //  –û–±—ä—è—Å–Ω—è–µ–º, —á—Ç–æ –ø—Ä–æ–∏—Å—Ö–æ–¥–∏—Ç",574057,81
riafan.ru,riafan.ru/,–§–µ–¥–µ—Ä–∞–ª—å–Ω–æ–µ –∞–≥–µ–Ω—Ç—Å—Ç–≤–æ –Ω–æ–≤–æ—Å—Ç–µ–π,545163,81
CIAN,www.cian.ru/,–¶–ò–ê–ù –ì–†–£–ü–ü - –õ–∏–¥–µ—Ä –æ–Ω–ª–∞–π–Ω –Ω–µ–¥–≤–∏–∂–∏–º–æ—Å—Ç–∏ –†–æ—Å—Å–∏–∏,522266,92
regnum.ru,regnum.ru/,–ò–ê REGNUM,517436,85
e1_ru,e1.ru,E1.RU ‚Äî –ï–∫–∞—Ç–µ—Ä–∏–Ω–±—É—Ä–≥ –û–Ω-–õ–∞–π–Ω,507214,95
tutu.ru,tutu.ru/,"–¢—É—Ç—É.—Ä—É - –∞–≤–∏–∞ –∏ –∂/–¥ –±–∏–ª–µ—Ç—ã, –æ—Ç–µ–ª–∏, –∏–Ω—Ñ–æ—Ä–º–∞—Ü–∏—è –¥–ª—è –ø—É—Ç–µ—à–µ—Å—Ç–≤–µ–Ω–Ω–∏–∫–æ–≤",496377,92
smi2.ru,smi2.ru/,–°–ú–ò2 - –ù–æ–≤–æ—Å—Ç–Ω–æ–π –∞–≥—Ä–µ–≥–∞—Ç–æ—Ä –∏ –Ω–æ–≤–æ—Å—Ç–Ω–∞—è –æ–±–º–µ–Ω–Ω–∞—è —Å–µ—Ç—å,477125,76
starhit.ru,starhit.ru/,Starhit.ru ‚Äì –ù–æ–≤–æ—Å—Ç–∏ —à–æ—É-–±–∏–∑–Ω–µ—Å–∞,476077,82
hsdigital/rn/smi/66,e1.ru,–ï1.RU - –ï–∫–∞—Ç–µ—Ä–∏–Ω–±—É—Ä–≥ –æ–Ω–ª–∞–π–Ω. Shkulev Digital,463847,95
action,www.glavbukh.ru/,"&lt;–ê–∫—Ç–∏–æ–Ω-–ú–¶–§–≠–†&gt; ‚Äî –∏–∑–¥–∞–Ω–∏—è –¥–ª—è –¥–∏—Ä–µ–∫—Ç–æ—Ä–æ–≤, —Ä—É–∫–æ–≤–æ–¥–∏—Ç–µ–ª–µ–π, –≥–ª–∞–≤–±—É—Ö–æ–≤",438301,76
rugion,rugion.ru/,–°–µ—Ç—å —Ä–µ–≥–∏–æ–Ω–∞–ª—å–Ω—ã—Ö —Å–∞–π—Ç–æ–≤ &quot;–†—É–≥–∏–æ–Ω&quot;,423873,89
ren.tv,ren.tv/,–ù–æ–≤–æ—Å—Ç–∏ - –Ω–∞—à–µ –ø—Ä–∏–∑–≤–∞–Ω–∏–µ. –†–ï–ù –¢–í,413639,86
profile.ru,www.profile.ru/,–ñ—É—Ä–Ω–∞–ª &quot;–ü—Ä–æ—Ñ–∏–ª—å&quot;,412078,60
rusprofile.ru,rusprofile.ru/,Rusprofile.ru - –±–µ—Å–ø–ª–∞—Ç–Ω–∞—è –ø—Ä–æ–≤–µ—Ä–∫–∞ –∫–æ–Ω—Ç—Ä–∞–≥–µ–Ω—Ç–∞,406615,94
woman.ru,www.woman.ru/,"Woman.ru - –∏–Ω—Ç–µ—Ä–Ω–µ—Ç –¥–ª—è –∂–µ–Ω—â–∏–Ω: –∑–≤–µ–∑–¥—ã, –º–æ–¥–∞, –∫—Ä–∞—Å–æ—Ç–∞, –º—ã –∏ –º—É–∂—á–∏–Ω—ã",398484,76
echo.msk.ru,www.echo.msk.ru/,–≠—Ö–æ –ú–æ—Å–∫–≤—ã,390133,75
teleprogramma.pro,teleprogramma.pro/,Teleprogramma.pro: —Ç–µ–ª–µ–≥–∏–¥ –∏ —à–æ—É-–±–∏–∑–Ω–µ—Å,383777,52
vokrug.tv,www.vokrug.tv/,"–í–æ–∫—Ä—É–≥ –¢–í - —Ç–µ–ª–µ–≥–∏–¥, —Ç–µ–ª–µ–ø—Ä–æ–≥—Ä–∞–º–º–∞ –∏ —ç–Ω—Ü–∏–∫–ª–æ–ø–µ–¥–∏—è —Ç–µ–ª–µ–≤–∏–¥–µ–Ω–∏—è",372093,64
mail-my,my.mail.ru/,–ú–æ–π –ú–∏—Ä Mail.Ru,355387,71
fontanka.ru,fontanka.ru/,–§–æ–Ω—Ç–∞–Ω–∫–∞.–†—É - –Ω–æ–≤–æ—Å—Ç–∏ –ü–µ—Ç–µ—Ä–±—É—Ä–≥–∞,334812,90
dni.ru,dni.ru/,–î–ù–ò —Ä—É - –∏–Ω—Ç–µ—Ä–Ω–µ—Ç-–≥–∞–∑–µ—Ç–∞,321656,73
Sportbox,www.sportbox.ru,Sportbox.ru,320450,88
kino-teatr.ru,www.kino-teatr.ru/,"–ö–∏–Ω–æ-–¢–µ–∞—Ç—Ä.–†–£ - –∏–Ω—Ç–µ—Ä–≤—å—é, —Å—Ç–∞—Ç—å–∏, –ø—Ä–µ–º—å–µ—Ä—ã, –Ω–æ–≤–æ—Å—Ç–∏ –∫–∏–Ω–æ –∏ —Ç–µ–∞—Ç—Ä–∞",320210,63
ntv.ru,www.ntv.ru/,"–ù–¢–í.ru - –ù–æ–≤–æ—Å—Ç–∏, –≤–∏–¥–µ–æ, –ø—Ä—è–º–æ–π —ç—Ñ–∏—Ä —Ç–µ–ª–µ–∫–∞–Ω–∞–ª–∞ –ù–¢–í",320126,82
eg.ru,www.eg.ru/,"–≠–ö–°–ü–†–ï–°–° –≥–∞–∑–µ—Ç–∞ - –Ω–æ–≤–æ—Å—Ç–∏, –∞–Ω–∞–ª–∏—Ç–∏–∫–∞, –∏—Å—Ç–æ—Ä–∏–∏",318471,72
sport24.ru,sport24.ru/,Sport24,313843,87
baza.drom.ru,baza.drom.ru/,–û–±—ä–µ–¥–∏–Ω–µ–Ω–Ω–∞—è –±–∞–∑–∞ –∑–∞–ø—á–∞—Å—Ç–µ–π,305302,90
ngs_ru,ngs.ru,–ù–µ–∑–∞–≤–∏—Å–∏–º—ã–π –ì–æ—Ä–æ–¥—Å–∫–æ–π –°–∞–π—Ç –ù–æ–≤–æ—Å–∏–±–∏—Ä—Å–∫–∞,303946,94
RS_Total/RS_projects/1prime_Total,1prime.ru,"–ü–†–ê–ô–ú - –Ω–æ–≤–æ—Å—Ç–∏, –∫–æ–º–º–µ–Ω—Ç–∞—Ä–∏–∏, —Ö–æ–¥ —Ç–æ—Ä–≥–æ–≤ –Ω–∞ –±–∏—Ä–∂–∞—Ö, —Ç–µ—Ö. –∞–Ω–∞–ª–∏–∑",294043,87
1Mediainvest,1mediainvest.ru/,1Mediainvest - —Ñ–µ–¥–µ—Ä–∞–ª—å–Ω—ã–π –º–µ–¥–∏–∞—Ö–æ–ª–¥–∏–Ω–≥,288425,93
vz.ru,vz.ru/,–í–ó–ì–õ–Ø–î.–†–£,286506,73
vesti.ru,vesti.ru/,–ò–Ω—Ñ–æ—Ä–º–∞—Ü–∏–æ–Ω–Ω—ã–π –∫–∞–Ω–∞–ª &quot;–í–µ—Å—Ç–∏&quot;,271916,73
tsargradtv,tsargrad.tv/,–¢–µ–ª–µ–∫–∞–Ω–∞–ª &quot;–¶–∞—Ä—å–≥—Ä–∞–¥&quot; - –ü–µ—Ä–≤—ã–π –†—É—Å—Å–∫–∏–π,270018,90
5-tv.ru,5-tv.ru/,–ü—è—Ç—ã–π –∫–∞–Ω–∞–ª,266861,86
hsdigital/rn/smi/54,news.ngs.ru/,NGS.RU - –≥–ª–∞–≤–Ω—ã–µ –Ω–æ–≤–æ—Å—Ç–∏ –ù–æ–≤–æ—Å–∏–±–∏—Ä—Å–∫–∞. Shkulev Digital,265372,93
fssprus,www.fssprus.ru,–§–µ–¥–µ—Ä–∞–ª—å–Ω–∞—è —Å–ª—É–∂–±–∞ —Å—É–¥–µ–±–Ω—ã—Ö –ø—Ä–∏—Å—Ç–∞–≤–æ–≤,262724,96
russianfood.com,www.russianfood.com/,–†–µ—Ü–µ–ø—Ç—ã –∫—É–ª–∏–Ω–∞—Ä–Ω—ã—Ö –±–ª—é–¥ –æ—Ç RussianFood.com,255580,73
360tv,360tv.ru,–¢–µ–ª–µ–∫–∞–Ω–∞–ª 360¬∞,253686,91
NaPlatforme,mirtesen.ru,–†–µ–∫–æ–º–µ–Ω–¥–∞—Ç–µ–ª—å–Ω–∞—è —Å–æ—Ü–∏–∞–ª—å–Ω–∞—è —Å–µ—Ç—å –ú–∏—Ä–¢–µ—Å–µ–Ω,245493,85
hsdigital/wn/woman/forum,hsdigital/wn/woman/forum,Woman.ru - –§–æ—Ä—É–º,240220,72
Superjob,www.superjob.ru/,"–†–∞–±–æ—Ç–∞, –≤–∞–∫–∞–Ω—Å–∏–∏, –ø–æ–¥–±–æ—Ä –ø–µ—Ä—Å–æ–Ω–∞–ª–∞, —Ä–µ–∑—é–º–µ, –ø–æ–∏—Å–∫ —Ä–∞–±–æ—Ç—ã - SuperJob",226086,94
fishki,fishki.net/,–§–∏—à–∫–∏ –ù–µ—Ç - –ø–µ—Ä–≤–æ–µ —Ä–∞–∑–≤–ª–µ–∫–∞—Ç–µ–ª—å–Ω–æ–µ —Å–æ–æ–±—â–µ—Å—Ç–≤–æ –†—É–Ω–µ—Ç–∞,210739,67
gazeta.ru/social,gazeta.ru/social/,–ì–∞–∑–µ—Ç–∞.Ru: –û–±—â–µ—Å—Ç–≤–æ,209271,85
gastronom.ru,www.gastronom.ru/,–ö—É–ª–∏–Ω–∞—Ä–Ω—ã–π –ø–æ—Ä—Ç–∞–ª &quot;–ì–ê–°–¢–†–û–ù–û–ú&quot;,207829,68
ruprom,tiu.ru,Tiu.ru ‚Äî –¢–æ–≤–∞—Ä—ã –∏ —É—Å–ª—É–≥–∏. –ö—Ä—É–ø–Ω–µ–π—à–∏–π –≤ –†–æ—Å—Å–∏–∏ –ø–æ—Ä—Ç–∞–ª —Ç–æ–≤–∞—Ä–æ–≤ –∏ —É—Å–ª—É–≥,206879,89
life.ru,life.ru/,L!FE.ru,206393,75
kubnews.ru,kubnews.ru/,–ö—É–±–∞–Ω—Å–∫–∏–µ –ù–æ–≤–æ—Å—Ç–∏,196140,69
baby_ru,www.baby.ru/,–±—ç–±–∏.—Ä—É - –±—ã—Ç—å —Å—á–∞—Å—Ç–ª–∏–≤–æ–π –º–∞–º–æ–π,193004,88
autonews.ru,www.autonews.ru/,Autonews.ru: –Ω–æ–≤–æ—Å—Ç–∏ –æ–± –∞–≤—Ç–æ–º–æ–±–∏–ª—è—Ö,190413,91
hsdigital/wn/woman/media,hsdigital/wn/woman/media,Woman.ru –ú–µ–¥–∏–∞,186503,79
1000.menu,1000.menu/,üçÖ –ö—É–ª–∏–Ω–∞—Ä–Ω—ã–µ —Ä–µ—Ü–µ–ø—Ç—ã üç∞ 1000.menu üçîü•ë,182369,66
yaplakal.com,yaplakal.com/,–Ø–ü–ª–∞–∫–∞–ª—ä - –∫—Ä—É–ø–Ω–µ–π—à–µ–µ –∏–Ω—Ñ–æ—Ä–º–∞—Ü–∏–æ–Ω–Ω–æ-—Ä–∞–∑–≤–ª–µ–∫–∞—Ç–µ–ª—å–Ω–æ–µ —Å–æ–æ–±—â–µ—Å—Ç–≤–æ —Ä—É–Ω–µ—Ç–∞,177625,77
wday.ru,www.wday.ru/,–ñ–µ–Ω—Å–∫–∏–π –æ–Ω–ª–∞–π–Ω-–∂—É—Ä–Ω–∞–ª WDay.ru,176716,62
avtovzglyad.ru,avtovzglyad.ru/,–ê–≤—Ç–æ–í–∑–≥–ª—è–¥ - –∞–≤—Ç–æ –Ω–æ–≤–æ—Å—Ç–∏,175866,71
Trashbox,trashbox.ru,Trashbox.ru ‚Äî –º–æ–±–∏–ª—å–Ω—ã–π –ø–æ—Ä—Ç–∞–ª –Ω–æ–≤–æ–≥–æ –ø–æ–∫–æ–ª–µ–Ω–∏—è,166965,62
RS_Total/Riaru_Total/RSport_Total,rsport.ria.ru/,–†-–°–ø–æ—Ä—Ç. –í—Å–µ –≥–ª–∞–≤–Ω—ã–µ –Ω–æ–≤–æ—Å—Ç–∏ —Å–ø–æ—Ä—Ç–∞,166418,84
klerk.ru,www.klerk.ru/,–ö–ª–µ—Ä–∫.–†—É  -  –ø—Ä–∞–∫—Ç–∏—á–µ—Å–∫–∞—è –ø–æ–º–æ—â—å –±—É—Ö–≥–∞–ª—Ç–µ—Ä—É,161500,94
vedomosti.ru,vedomosti.ru/,–í–µ–¥–æ–º–æ—Å—Ç–∏ - –µ–∂–µ–¥–Ω–µ–≤–Ω–∞—è –¥–µ–ª–æ–≤–∞—è –≥–∞–∑–µ—Ç–∞,158579,78
topwar.ru,topwar.ru/,–í–æ–µ–Ω–Ω–æ–µ –æ–±–æ–∑—Ä–µ–Ω–∏–µ,155236,83
7days.ru,7days.ru/,"7–î–Ω–µ–π.—Ä—É - –í—Å—ë –æ –∑–≤–µ–∑–¥–∞—Ö! –ù–æ–≤–æ—Å—Ç–∏, –∏–Ω—Ç–µ—Ä–≤—å—é, —Ñ–æ—Ç–æ –∏ –≤–∏–¥–µ–æ –∑–≤–µ–∑–¥",150988,79
tk_m24,www.m24.ru/,–°–µ—Ç–µ–≤–æ–µ –∏–∑–¥–∞–Ω–∏–µ M24.ru,150589,79
spaces.ru,spaces.ru/,Spaces.ru - –∫—Ä—É–ø–Ω–µ–π—à–∞—è –º–æ–±–∏–ª—å–Ω–∞—è —Å–æ—Ü.—Å–µ—Ç—å,149659,63
zr.ru,zr.ru/,–ñ—É—Ä–Ω–∞–ª &quot;–ó–∞ —Ä—É–ª–µ–º&quot;. –ê–≤—Ç–æ–º–æ–±–∏–ª–∏ –≤ –†–æ—Å—Å–∏–∏,145563,76
glavbukh,www.glavbukh.ru,–ñ—É—Ä–Ω–∞–ª ¬´–ì–ª–∞–≤–±—É—Ö¬ª,141852,92
smi.today,smi.today/,smi.today - –Ω–æ–≤–æ—Å—Ç–Ω–æ–π –∞–≥—Ä–µ–≥–∞—Ç–æ—Ä (–¥–æ–±–∞–≤–ª—è–µ–º –°–ú–ò),141846,66
tourister,tourister.ru,–¢—É—Ä–∏—Å—Ç–µ—Ä.–†—É,138762,78
inosmi.ru,inosmi.ru/,–ò–Ω–æ–°–ú–ò,135033,81
3dnews.ru,3dnews.ru/,"3DNews - –≤—Å–µ –æ –∫–æ–º–ø—å—é—Ç–µ—Ä–∞—Ö, –∫–æ–º–ø–ª–µ–∫—Ç—É—é—â–∏—Ö, –≥–∞–¥–∂–µ—Ç–∞—Ö –∏ —Å–æ—Ñ—Ç–µ",134217,73
3dnews.ru,3dnews.ru/,"3DNews - –≤—Å–µ –æ –∫–æ–º–ø—å—é—Ç–µ—Ä–∞—Ö, –∫–æ–º–ø–ª–µ–∫—Ç—É—é—â–∏—Ö, –≥–∞–¥–∂–µ—Ç–∞—Ö –∏ —Å–æ—Ñ—Ç–µ",134217,73
gazeta.ru/business,gazeta.ru/business/,–ì–∞–∑–µ—Ç–∞.Ru: –ë–∏–∑–Ω–µ—Å,133740,89
kinoafisha.info,www.kinoafisha.info/,–ö–∏–Ω–æ–∞—Ñ–∏—à–∞.info - –∞—Ñ–∏—à–∞ –∫–∏–Ω–æ—Ç–µ–∞—Ç—Ä–æ–≤,132776,90
gazeta.ru/politics,gazeta.ru/politics/,–ì–∞–∑–µ—Ç–∞.Ru: –ü–æ–ª–∏—Ç–∏–∫–∞,131698,81
infotime.co,infotime.co/,–ò–Ω—Ñ–æ—Ç–∞–π–º,131374,73
sudact.ru,sudact.ru/,–°—É–¥–µ–±–Ω—ã–µ –∏ –Ω–æ—Ä–º–∞—Ç–∏–≤–Ω—ã–µ –∞–∫—Ç—ã –†–§,131175,95
marieclaire.ru,www.marieclaire.ru/,Marie Claire,130059,83
rutube.ru,www.rutube.ru/,Rutube - –ª—É—á—à–µ–µ –≤–∏–¥–µ–æ:),125408,87
business-gazeta.ru,www.business-gazeta.ru/,–ë–ò–ó–ù–ï–° –û–ù–õ–ê–ô–ù - –î–µ–ª–æ–≤—ã–µ –Ω–æ–≤–æ—Å—Ç–∏ –ö–∞–∑–∞–Ω–∏ –∏ –¢–∞—Ç–∞—Ä—Å—Ç–∞–Ω–∞,124875,93
forbes.ru,www.forbes.ru/,Forbes –†–æ—Å—Å–∏—è,124159,78
PlayGround,www.PlayGround.ru,PlayGround.ru - –†–æ—Å—Å–∏–π—Å–∫–∏–π –ò–≥—Ä–æ–≤–æ–π –°–µ—Ä–≤–µ—Ä,123407,73
tvzvezda.ru,tvzvezda.ru/,"–ó–í–ï–ó–î–ê, –º–µ–¥–∏–∞–≥—Ä—É–ø–ø–∞  | –ö—Ä—É–≥–ª–æ—Å—É—Ç–æ—á–Ω–æ–µ –∏–Ω—Ñ–æ—Ä–º–∞—Ü–∏–æ–Ω–Ω–æ–µ –≤–µ—â–∞–Ω–∏–µ",122213,63
elle.ru,www.elle.ru/,"Elle.ru ‚Äì —Å–∞–π—Ç ‚Ññ1 –æ –º–æ–¥–µ, –∫—Ä–∞—Å–æ—Ç–µ –∏ —Å—Ç–∏–ª–µ –∂–∏–∑–Ω–∏",121856,58
motor.ru,motor.ru/,–ú–æ—Ç–æ—Ä,120233,67
womanmediafort,www.mediafort.ru/,–ñ–µ–Ω—Å–∫–∏–µ —Å–∞–π—Ç—ã –≥—Ä—É–ø–ø—ã &quot;–ú–µ–¥–∏–∞–§–æ—Ä—Ç&quot;,119513,68
uznayvse.ru,uznayvse.ru/,–ü–æ—Ä—Ç–∞–ª –≤—Å–µ—Ö –Ω–æ–≤–æ—Å—Ç–µ–π &quot;–£–∑–Ω–∞–π –≤—Å–Å&quot;,118700,67
lena-miro.ru,lena-miro.ru/,–õ–µ–Ω–∞ –ú–∏—Ä–æ,118235,77
smi.today/ru_smi,www.smi.today/ru_smi/,–ù–æ–≤–æ—Å—Ç–∏ –†–æ—Å—Å–∏–∏. –ù–æ–≤–æ—Å—Ç–Ω–æ–π –∞–≥—Ä–µ–≥–∞—Ç–æ—Ä smi.today,117499,87
kp/kpall/putevoditel/serialy,www.kp.ru/putevoditel/serialy,–ö–∏–Ω–æ –∏ –°–µ—Ä–∏–∞–ª—ã –ö–ü,116232,79
hsdigital/rn/rabota,rabota.ngs.ru,–ó–∞—Ä–ø–ª–∞—Ç–∞.—Ä—É ‚Äî Hearst Shkulev Digital,115809,98
progorod,progorod43.ru,–°–µ—Ç—å –ø–æ—Ä—Ç–∞–ª–æ–≤ PRO –ì–æ—Ä–æ–¥,115637,95
vgtimes.ru,vgtimes.ru/,VGTimes,114993,72
russian7.ru,russian7.ru/,–†—É—Å—Å–∫–∞—è —Å–µ–º–µ—Ä–∫–∞,114909,78
PusCen,pulscen.ru/,–¢–æ—Ä–≥–æ–≤–∞—è –ø–ª–æ—â–∞–¥–∫–∞ –ü—É–ª—å—Å —Ü–µ–Ω,113903,82
74,74.ru,–ì—Ä—É–ø–ø–∞ —Å–∞–π—Ç–æ–≤ 74.ru,113654,92
film.ru,film.ru/,–§–ò–õ–¨–ú.–†–£: –Ω–∞—Ü–∏–æ–Ω–∞–ª—å–Ω—ã–π –∫–∏–Ω–æ–ø–æ—Ä—Ç–∞–ª,113202,60
4pda.ru,4pda.ru/,4PDA.ru,112403,63
mylove,mylove.ru,LOVE.RU - —Å–æ—Ü–∏–∞–ª—å–Ω–∞—è —Å–µ—Ç—å –∑–Ω–∞–∫–æ–º—Å—Ç–≤,111946,79
hsdigital/wn/ellegirl,ellegirl.ru,ELLE GIRL: –æ—Ñ–∏—Ü–∏–∞–ª—å–Ω—ã–π —Å–∞–π—Ç –∂—É—Ä–Ω–∞–ª–∞,109861,72
znak.com,www.znak.com/,–ò–Ω—Ç–µ—Ä–Ω–µ—Ç-–≥–∞–∑–µ—Ç–∞ ZNAK.COM,109524,93
rlsnet.ru,www.rlsnet.ru/,–≠–ù–¶–ò–ö–õ–û–ü–ï–î–ò–Ø –õ–ï–ö–ê–†–°–¢–í - www.rlsnet.ru,108844,79
spb.hh.ru,spb.hh.ru/,–†–∞–±–æ—Ç–∞ –≤ –°–∞–Ω–∫—Ç-–ü–µ—Ç–µ—Ä–±—É—Ä–≥–µ  -  Spb.hh.ru (HeadHunter Group),107326,94
studopedia.ru,studopedia.ru/,–°—Ç—É–¥–æ–ø–µ–¥–∏—è ‚Äî –í–∞—à–∞ —à–∫–æ–ª–æ–ø–µ–¥–∏—è,107059,89
povarenok,www.povarenok.ru/,–ü–æ–≤–∞—Ä–µ–Ω–æ–∫.—Ä—É - –≤—Å—ë –æ –∫—É–ª–∏–Ω–∞—Ä–∏–∏,106535,76
hsdigital/mn,hearst-shkulev-media.ru,Men's Network hearst-shkulev-media.ru,106355,71
maam.ru,www.maam.ru/,–ú–µ–∂–¥—É–Ω–∞—Ä–æ–¥–Ω—ã–π –æ–±—Ä–∞–∑–æ–≤–∞—Ç–µ–ª—å–Ω—ã–π –ø–æ—Ä—Ç–∞–ª –ú–ê–ê–ú,106183,86
aif.ru/society,aif.ru/society/,–ê–ò–§ –û–±—â–µ—Å—Ç–≤–æ,104611,87
RS_Total/Sputniki_Total/Sputnik/Sputnik_ge,sputnik-georgia.ru,–°–ø—É—Ç–Ω–∏–∫ –ì—Ä—É–∑–∏—è,102764,51
wikivox.ru,wikivox.ru/,–ö–∞—Ä—Ç–∞ —Å–ª–æ–≤ –∏ –≤—ã—Ä–∞–∂–µ–Ω–∏–π —Ä—É—Å—Å–∫–æ–≥–æ —è–∑—ã–∫–∞,102302,71
sovsport.ru,www.sovsport.ru/,–°–æ–≤–µ—Ç—Å–∫–∏–π —Å–ø–æ—Ä—Ç,101955,88
novayagazeta.ru,novayagazeta.ru/,–ù–û–í–ê–Ø –ì–ê–ó–ï–¢–ê,101460,76
liveinternet.ru,www.liveinternet.ru/,LiveInternet.ru - –ª—É—á—à–∞—è —Å—Ç–∞—Ç–∏—Å—Ç–∏–∫–∞ –≤ –∏–Ω—Ç–µ—Ä–Ω–µ—Ç–µ –±–µ—Å–ø–ª–∞—Ç–Ω–æ,101247,68
russian.rt.com/business,russian.rt.com/business/,–≠–∫–æ–Ω–æ–º–∏–∫–∞ - RT –Ω–∞ —Ä—É—Å—Å–∫–æ–º,100692,89
hsdigital/rn/smi/74,74.ru,74.ru - –≥–ª–∞–≤–Ω—ã–µ –Ω–æ–≤–æ—Å—Ç–∏ –ß–µ–ª—è–±–∏–Ω—Å–∫–∞. Shkulev Digital,100641,91
psychologies.ru,www.psychologies.ru/,–û—Ñ–∏—Ü–∏–∞–ª—å–Ω—ã–π —Å–∞–π—Ç –∂—É—Ä–Ω–∞–ª–∞ Psychologies,100441,78
bfm.ru,bfm.ru/,BFM.ru - –¥–µ–ª–æ–≤–æ–π –ø–æ—Ä—Ç–∞–ª,98513,89
vkontakte.ru,vkontakte.ru/,–í–ö–æ–Ω—Ç–∞–∫—Ç–µ.—Ä—É,95508,83
eadaily.com,eadaily.com/,–ò–ê Eurasia Daily,95219,75
Bankiros,bankiros.ru/,"Bankiros.ru - –∫—Ä–µ–¥–∏—Ç—ã, –≤–∫–ª–∞–¥—ã, –∫—É—Ä—Å—ã –≤–∞–ª—é—Ç",94904,95
buh.ru,buh.ru/,–ò–Ω—Ç–µ—Ä–Ω–µ—Ç-—Ä–µ—Å—É—Ä—Å –¥–ª—è –±—É—Ö–≥–∞–ª—Ç–µ—Ä–æ–≤ BUH.RU,94689,96
100sp.ru,www.100sp.ru/,–°–æ–≤–º–µ—Å—Ç–Ω—ã–µ –ø–æ–∫—É–ø–∫–∏,93755,96
47news.ru,www.47news.ru/,C–æ—Ä–æ–∫ —Å–µ–º—å –Ω–æ–≤–æ—Å—Ç–µ–π –∏–∑ –õ–µ–Ω–∏–Ω–≥—Ä–∞–¥—Å–∫–æ–π –æ–±–ª–∞—Å—Ç–∏,93362,96
59,59.ru,–ì—Ä—É–ø–ø–∞ —Å–∞–π—Ç–æ–≤ 59.ru,93317,81
vl.ru,vl.ru/,–°–∞–π—Ç –í–ª–∞–¥–∏–≤–æ—Å—Ç–æ–∫–∞,91871,97
zachestnyibiznes.ru,zachestnyibiznes.ru/,–ó–ê–ß–ï–°–¢–ù–´–ô–ë–ò–ó–ù–ï–° - –≤—Å–µ—Ä–æ—Å—Å–∏–π—Å–∫–∞—è —Å–∏—Å—Ç–µ–º–∞ –ø—Ä–æ–≤–µ—Ä–∫–∏ –∫–æ–Ω—Ç—Ä–∞–≥–µ–Ω—Ç–æ–≤,91858,94
interfax.ru/business,www.interfax.ru/business/,–ò–Ω—Ç–µ—Ä—Ñ–∞–∫—Å/–±–∏–∑–Ω–µ—Å,91461,93
travelask.ru,travelask.ru/,"TravelAsk - –∂—É—Ä–Ω–∞–ª –æ –ø—É—Ç–µ—à–µ—Å—Ç–≤–∏—è—Ö, –ø—É—Ç–µ–≤–æ–¥–∏—Ç–µ–ª—å, –≤–æ–ø—Ä–æ—Å—ã –∏ –æ—Ç–≤–µ—Ç—ã",91237,80
Nevnov,nevnov.ru,–ù–µ–≤—Å–∫–∏–µ –ù–æ–≤–æ—Å—Ç–∏,91178,94
nsn.fm,nsn.fm/,–ù–°–ù: –ù–∞—Ü–∏–æ–Ω–∞–ª—å–Ω–∞—è –°–ª—É–∂–±–∞ –ù–æ–≤–æ—Å—Ç–µ–π - –≤—Å–µ –Ω–æ–≤–æ—Å—Ç–∏ –¥–Ω—è,91061,92
overclockers.ru,www.overclockers.ru/,Overclockers.ru - –ü—Ä–æ—Ñ–µ—Å—Å–∏–æ–Ω–∞–ª—å–Ω—ã–µ –Ω–æ–≤–æ—Å—Ç–∏ –∏ —Å—Ç–∞—Ç—å–∏ Hard &amp; Soft &amp; Mobile,90991,72
forexpf.ru,www.forexpf.ru/,ProFinance.Ru: | –†–´–ù–û–ö FOREX | –ù–û–í–û–°–¢–ò | –ü–†–û–ì–ù–û–ó–´ | –§–û–†–£–ú–´ |,89988,65
cybersport.ru,www.cybersport.ru/,CyberSport.ru ‚Äì –ø–æ—Ä—Ç–∞–ª –æ –∫–∏–±–µ—Ä—Å–ø–æ—Ä—Ç–µ,89441,68
soccer.ru,www.soccer.ru/,"Soccer.Ru - –Ω–æ–≤–æ—Å—Ç–∏ —Ñ—É—Ç–±–æ–ª–∞, –∞–Ω–∞–ª–∏—Ç–∏–∫–∞",88872,83
its.1c.ru,its.1c.ru/,–ò–Ω—Ñ–æ—Ä–º–∞—Ü–∏–æ–Ω–Ω–∞—è —Å–∏—Å—Ç–µ–º–∞ 1–°:–ò–¢–°,88488,92
hsdigital/rn/smi/59,59.ru,59.RU- –≥–ª–∞–≤–Ω—ã–µ –Ω–æ–≤–æ—Å—Ç–∏ –ü–µ—Ä–º–∏. Shkulev Digital,87751,80
2gis/online/ru/moscow,2gis.ru,"–ö–∞—Ä—Ç–∞ –ú–æ—Å–∫–≤—ã: —É–ª–∏—Ü—ã, –¥–æ–º–∞ –∏ –æ—Ä–≥–∞–Ω–∏–∑–∞—Ü–∏–∏ –≥–æ—Ä–æ–¥–∞ ‚Äî 2–ì–ò–°",87066,95
razlozhi.ru,razlozhi.ru/,"–ö–∞—Ä—Ç–æ—á–Ω—ã–µ –∏–≥—Ä—ã –æ–Ω–ª–∞–π–Ω, –ø–∞—Å—å—è–Ω—Å—ã, –∏–≥—Ä—ã —Å –¥—Ä—É–≥–∏–º–∏ –∏–≥—Ä–æ–∫–∞–º–∏.",86919,62
rueconomy.ru,rueconomy.ru/,–≠–∫–æ–Ω–æ–º–∏–∫–∞ –°–µ–≥–æ–¥–Ω—è,86280,83
tabor.ru,tabor.ru/,Tabor.ru - –°–∞–π—Ç –∑–Ω–∞–∫–æ–º—Å—Ç–≤ –Ω–æ–≤–æ–≥–æ –ø–æ–∫–æ–ª–µ–Ω–∏—è!,85846,47
iphones.ru,www.iphones.ru/,iPhone,85635,76
medaboutme.ru,medaboutme.ru/,Medaboutme (–º–µ–¥–∏—Ü–∏–Ω–∞ –æ–±–æ –º–Ω–µ) - –∏–Ω—Ñ–æ—Ä–º–∞—Ü–∏–æ–Ω–Ω–∞—è –º–µ–¥–∏—Ü–∏–Ω—Å–∫–∞—è —Å–∏—Å—Ç–µ–º–∞,84623,91
ruposters.ru,ruposters.ru/,–†—É–ø–æ—Å—Ç–µ—Ä—Å,84586,83
tvrain.ru,tvrain.ru/,–¢–µ–ª–µ–∫–∞–Ω–∞–ª –î–û–ñ–î–¨,84455,63
Tatmedia,tatmedia.ru/,–¢–∞—Ç–º–µ–¥–∏–∞,84384,92
hsdigital/mn/maximonline,maximonline.ru,MAXIM Online,84257,70
hsdigital/rn/forum,–ù–ì–°.–§–û–†–£–ú,Hearst Shkulev Digital ‚Äî –§–û–†–£–ú–´,83697,88
fotostrana,fotostrana.ru,–§–æ—Ç–æ–°—Ç—Ä–∞–Ω–∞ ‚Äì —Ä–∞–∑–≤–ª–µ–∫–∞—Ç–µ–ª—å–Ω–∞—è —Å–æ—Ü–∏–∞–ª—å–Ω–∞—è —Å–µ—Ç—å,83271,71
ngs24,ngs24.ru,–ù–µ–∑–∞–≤–∏—Å–∏–º—ã–π –ì–æ—Ä–æ–¥—Å–∫–æ–π –°–∞–π—Ç –ö—Ä–∞—Å–Ω–æ—è—Ä—Å–∫–∞,83099,96
nnru,nn.ru,–ù–∏–∂–Ω–∏–π –ù–æ–≤–≥–æ—Ä–æ–¥ On-Line - NN.RU. –†–µ–∫–ª–∞–º–∞ —É –Ω–∞—Å —Ä–∞–±–æ—Ç–∞–µ—Ç!,82993,91
flamp,flamp.ru,–§–ª–∞–º–ø - –æ—Ç–∑—ã–≤—ã –æ –∫–æ–º–ø–∞–Ω–∏—è—Ö –∏ –º–µ—Å—Ç–∞—Ö –≤–∞—à–µ–≥–æ –≥–æ—Ä–æ–¥–∞.,82857,98
krasotaimedicina.ru,www.krasotaimedicina.ru/,–ö—Ä–∞—Å–æ—Ç–∞ –∏ –ú–µ–¥–∏—Ü–∏–Ω–∞,82752,85
stopgame.ru,stopgame.ru/,StopGame.ru - –¢–æ–ª—å–∫–æ –∏–≥—Ä—ã,80858,86
sinoptik.com.ru,sinoptik.com.ru/,SINOPTIK.com.ru,80164,80
gamesisart.ru,gamesisart.ru/,"GamesisArt.ru - —Ç–µ–æ—Ä–∏—è –∫–æ–º–ø—å—é—Ç–µ—Ä–Ω—ã—Ö –∏–≥—Ä, —Ä–∞–∑—Ä–∞–±–æ—Ç–∫–∞, –∏–Ω–¥–∏, –ø—Ä–æ—Ö–æ–∂–¥–µ–Ω–∏—è",79955,75
russian.rt.com/sport,russian.rt.com/sport/,–°–ø–æ—Ä—Ç - RT –Ω–∞ —Ä—É—Å—Å–∫–æ–º,79697,83
rosbalt.ru,rosbalt.ru/,–†–æ—Å–±–∞–ª—Ç - –ù–æ–≤–æ—Å—Ç–∏ –†–æ—Å—Å–∏–∏ –∏ –º–∏—Ä–∞ —Å–µ–≥–æ–¥–Ω—è,79525,69
topcor.ru,topcor.ru/,–†–µ–ø–æ—Ä—Ç—ë—Ä,78392,88
viberu,www.viberu.ru,"–í—ã–±–µ—Ä—É.—Ä—É - –ë–∞–Ω–∫–∏, –°—Ç—Ä–∞—Ö–æ–≤–∞–Ω–∏–µ",78316,89
hsdigital/rn/smi/24,news.ngs24.ru/,NGS24.RU - –≥–ª–∞–≤–Ω—ã–µ –Ω–æ–≤–æ—Å—Ç–∏ –ö—Ä–∞—Å–Ω–æ—è—Ä—Å–∫–∞. Shkulev Digital,78191,96
sport.rbc.ru,sport.rbc.ru/,–†–ë–ö-–°–ø–æ—Ä—Ç: –í–µ–¥—É—â–µ–µ —Å–ø–æ—Ä—Ç–∏–≤–Ω–æ–µ –∏–∑–¥–∞–Ω–∏–µ –¥–ª—è –¥–µ–ª–æ–≤–æ–π –∞—É–¥–∏—Ç–æ—Ä–∏–∏,76473,86
nation-news.ru,nation-news.ru/,–ù–∞—Ä–æ–¥–Ω—ã–µ –Ω–æ–≤–æ—Å—Ç–∏ –†–æ—Å—Å–∏–∏,75506,84
SpraBliz,blizko.ru,–°–µ—Ç—å –≥–æ—Ä–æ–¥—Å–∫–∏—Ö –ø–æ—Ä—Ç–∞–ª–æ–≤ –ø–æ–∫—É–ø–∞—Ç–µ–ª—è BLIZKO.ru,74382,90
rossaprimavera.ru,rossaprimavera.ru/,–ò–ê ¬´–ö—Ä–∞—Å–Ω–∞—è –≤–µ—Å–Ω–∞¬ª,73439,83
style.rbc.ru,style.rbc.ru/,–†–ë–ö.–°—Ç–∏–ª—å,72471,72
72,72.ru,–ì—Ä—É–ø–ø–∞ —Å–∞–π—Ç–æ–≤ 72.ru,72361,94
postupi.online,postupi.online/,Postupi.online - –≤—ã–±–æ—Ä –í–£–ó–∞ –∏ –∫–æ–ª–ª–µ–¥–∂–∞. –ü—Ä–æ—Ö–æ–¥–Ω—ã–µ –±–∞–ª–ª—ã. –¢–µ—Å—Ç—ã –Ω–∞ –ø—Ä–æ—Ñ–µ—Å—Å–∏—é,71751,93
Finam,finam.ru,–§–∏–Ω–∞–º.RU¬© - –í–µ—Å—å —Å–ø–µ–∫—Ç—Ä –æ–ø–µ—Ä–∞—Ç–∏–≤–Ω–æ–π —Ñ–∏–Ω–∞–Ω—Å–æ–≤–æ–π –∏–Ω—Ñ–æ—Ä–º–∞—Ü–∏–∏,71677,89
kp/kpall/reg/kpspb,spb.kp.ru,&quot;–ö–æ–º—Å–æ–º–æ–ª—å—Å–∫–∞—è –ø—Ä–∞–≤–¥–∞&quot; –°–∞–Ω–∫—Ç-–ü–µ—Ç–µ—Ä–±—É—Ä–≥,71397,85
vmdaily.ru,vmdaily.ru/,"–í–µ—á–µ—Ä–Ω—è—è –ú–æ—Å–∫–≤–∞ - –æ—Å–Ω–æ–≤–Ω—ã–µ —Å–æ–±—ã—Ç–∏—è –¥–Ω—è, –Ω–∞—Å—Ç–æ—è—â–µ–µ –∏ –±—É–¥—É—â–µ–µ —Å—Ç–æ–ª–∏—Ü—ã.",71011,89
m.my.mail.ru,m.my.mail.ru/,–ú–æ–±–∏–ª—å–Ω–∞—è –≤–µ—Ä—Å–∏—è –ú–æ–µ–≥–æ –ú–∏—Ä–∞ Mail.Ru,70357,70
RBCRU/EKB,RBCRU/EKB,–†–ë–ö - –†–æ—Å–ë–∏–∑–Ω–µ—Å–ö–æ–Ω—Å–∞–ª—Ç–∏–Ω–≥ - –ï–∫–∞—Ç–µ—Ä–∏–Ω–±—É—Ä–≥,70181,99
RBCRU/REALTY,realty.rbc.ru,–†–ë–ö.–ù–µ–¥–≤–∏–∂–∏–º–æ—Å—Ç—å,69919,88
satom-ru,Satom.ru,Satom.ru - –±–∏–∑–Ω–µ—Å –∫–∞—Ç–∞–ª–æ–≥ —Ç–æ–≤–∞—Ä–æ–≤ –∏ —É—Å–ª—É–≥ –†–æ—Å—Å–∏–∏,69862,94
bazr.ru,bazr.ru/,BAZR.ru - –°–º–æ—Ç—Ä–µ—Ç—å –±–µ—Å–ø–ª–∞—Ç–Ω–æ —Ä—É—Å—Å–∫–∏–µ —Å–µ—Ä–∏–∞–ª—ã,69801,66
mir24.tv,mir24.tv/,"Mir24.tv: –Ω–æ–≤–æ—Å—Ç–∏ –¥–Ω—è, —Ñ–æ—Ç–æ –∏ –≤–∏–¥–µ–æ",69743,68
mirkvartir,www.mirkvartir.ru,–ú–ò–† –ö–í–ê–†–¢–ò–† - –í—Å—è –Ω–µ–¥–≤–∏–∂–∏–º–æ—Å—Ç—å –†–æ—Å—Å–∏–∏,69650,92
vseshow.com,vseshow.com/,Vseshow - –¢–í —Å–µ—Ä–∏–∞–ª—ã –∏ –†–µ–∞–ª–∏—Ç–∏ —à–æ—É,69632,29
sobesednik.ru,www.sobesednik.ru/,–ò–î –°–æ–±–µ—Å–µ–¥–Ω–∏–∫,69120,91
66,www.66.ru,66.RU –ó–¥–µ—Å—å –≤—Å–µ –≤—Å—ë –ø–æ–Ω–∏–º–∞—é—Ç,69041,92
ridus.ru,ridus.ru/,–†–∏–¥—É—Å,68393,65
meduniver.com,meduniver.com/,–ú–µ–¥–£–Ω–∏–≤–µ—Ä - –≤—Å–µ –ø–æ –º–µ–¥–∏—Ü–∏–Ω–µ,67660,89
ctc.ru,ctc.ru/,–¢–µ–ª–µ–∫–∞–Ω–∞–ª –°–¢–°,67571,76
BASHINFORM,bashinform.ru/,–ì—Ä—É–ø–ø–∞ —Å–∞–π—Ç–æ–≤ –ò–ê ¬´–ë–∞—à–∏–Ω—Ñ–æ—Ä–º¬ª,67140,97
pravo.gov.ru,www.pravo.gov.ru/,–û—Ñ–∏—Ü–∏–∞–ª—å–Ω—ã–π –∏–Ω—Ç–µ—Ä–Ω–µ—Ç-–ø–æ—Ä—Ç–∞–ª –ø—Ä–∞–≤–æ–≤–æ–π –∏–Ω—Ñ–æ—Ä–º–∞—Ü–∏–∏,67034,92
hsdigital/rn/smi/72,72.ru,72.RU - –≥–ª–∞–≤–Ω—ã–µ –Ω–æ–≤–æ—Å—Ç–∏ –¢—é–º–µ–Ω–∏. Shkulev Digital,66779,94
forumhouse.ru,www.forumhouse.ru/,FORUMHOUSE ‚Äì —Å–∞–º—ã–π –ø–æ–ø—É–ª—è—Ä–Ω—ã–π –∏ –∞–≤—Ç–æ—Ä–∏—Ç–µ—Ç–Ω—ã–π –ø–æ—Ä—Ç–∞–ª –æ —Å—Ç—Ä–æ–∏—Ç–µ–ª—å—Å—Ç–≤–µ –≤ –†–æ—Å—Å–∏–∏,66560,89
amdm.ru,amdm.ru/,"AmDm.ru - –ø–æ—Ä—Ç–∞–ª –¥–ª—è –º—É–∑—ã–∫–∞–Ω—Ç–æ–≤ | –∞–∫–∫–æ—Ä–¥—ã, —Ç–∞–±—É–ª–∞—Ç—É—Ä—ã, gtp, mp3 –ø–µ—Å–µ–Ω, –ø—Ä–æ–≥—Ä–∞–º–º—ã",66082,79
sakhalin.info,sakhalin.info/,Sakhalin.info. –ù–æ–≤–æ—Å—Ç–∏ –°–∞—Ö–∞–ª–∏–Ω–∞ –∏ –ö—É—Ä–∏–ª,65794,96
osnmedia.ru,www.osnmedia.ru/,–û–±—â–µ—Å—Ç–≤–µ–Ω–Ω–∞—è —Å–ª—É–∂–±–∞ –Ω–æ–≤–æ—Å—Ç–µ–π,65589,91
svpressa,svpressa.ru/,–°–≤–æ–±–æ–¥–Ω–∞—è –ü—Ä–µ—Å—Å–∞ / svpressa.ru,65151,77
ktv-ray.ru,ktv-ray.ru/,–ö–¢–í-–õ–£–ß,64560,92
onrealt.ru,onrealt.ru/,ONREALT.RU ‚Äî –í–∞—à –ø—Ä–æ–≤–æ–¥–Ω–∏–∫ –≤ –º–∏—Ä–µ –Ω–µ–¥–≤–∏–∂–∏–º–æ—Å—Ç–∏.,64485,92
svoboda.org,www.svoboda.org/,–†–∞–¥–∏–æ –°–≤–æ–±–æ–¥–∞,64184,68
cyberforum.ru,www.cyberforum.ru/,CyberForum.ru - –§–æ—Ä—É–º –ø—Ä–æ–≥—Ä–∞–º–º–∏—Å—Ç–æ–≤ –∏ —Å–∏—Å–∞–¥–º–∏–Ω–æ–≤,63947,72
lookmart,www.lookmart.ru/,–Ø –ü–æ–∫—É–ø–∞—é - –†–æ—Å—Å–∏—è,63635,89
riamo,riamo.ru,–†–ò–ê–ú–û,63599,95
stihi.ru,www.stihi.ru/,–°—Ç–∏—Ö–∏.—Ä—É - –Ω–∞—Ü–∏–æ–Ω–∞–ª—å–Ω—ã–π —Å–µ—Ä–≤–µ—Ä —Å–æ–≤—Ä–µ–º–µ–Ω–Ω–æ–π –ø–æ—ç–∑–∏–∏,63350,71
teksty-pesenok.ru,teksty-pesenok.ru/,–¢–µ–∫—Å—Ç—ã –ø–µ—Å–µ–Ω–æ–∫,62438,76
livelib.ru,livelib.ru/,LiveLib ‚Äî —Å–æ—Ü–∏–∞–ª—å–Ω–∞—è —Å–µ—Ç—å —á–∏—Ç–∞—Ç–µ–ª–µ–π –∫–Ω–∏–≥,61992,64
news.vl.ru,www.news.vl.ru/,–ù–æ–≤–æ—Å—Ç–∏ –í–ª–∞–¥–∏–≤–æ—Å—Ç–æ–∫–∞,61599,97
kp/kpall/reg/kpkuban,kuban.kp.ru,&quot;–ö–æ–º—Å–æ–º–æ–ª—å—Å–∫–∞—è –ø—Ä–∞–≤–¥–∞&quot; –ö—É–±–∞–Ω—å. –ö—Ä–∞—Å–Ω–æ–¥–∞—Ä,61598,97
zaycev.net,zaycev.net/,–¢–£–¢ –ó–ê–ô–¶–ï–í.–ù–ï–¢! –¢–æ–ª—å–∫–æ —Å–∞–º—ã–µ —Å–≤–µ–∂–∏–µ –∏ –ø–æ–ø—É–ª—è—Ä–Ω—ã–µ mp3 –ë–ï–°–ü–õ–ê–¢–ù–û –∏ –ë–ï–ó –†–ï–ì–ò–°–¢–†–ê–¶–ò–ò,61030,85
gorodrabot_group,gorodrabot.ru/,–í—Å–µ –≤–∞–∫–∞–Ω—Å–∏–∏ –†–æ—Å—Å–∏–∏ - GorodRabot.ru,60546,94
spb.cian.ru,spb.cian.ru/,–¶–ò–ê–ù.–°–ü–± - –õ–∏–¥–µ—Ä –æ–Ω–ª–∞–π–Ω-–Ω–µ–¥–≤–∏–∂–∏–º–æ—Å—Ç–∏ –≤ –°–∞–Ω–∫—Ç-–ü–µ—Ç–µ—Ä–±—É—Ä–≥–µ,60060,93
primpress.ru,primpress.ru/,PRIMPRESS.RU - –ù–æ–≤–æ—Å—Ç–∏ –í–ª–∞–¥–∏–≤–æ—Å—Ç–æ–∫–∞ –∏ –ü—Ä–∏–º–æ—Ä—Å–∫–æ–≥–æ –∫—Ä–∞—è,59987,95
astromeridian.ru,www.astromeridian.ru/,AstroMeridian.Ru - —ç–∑–æ—Ç–µ—Ä–∏—á–µ—Å–∫–∏–π –∏–Ω—Ç–µ—Ä–Ω–µ—Ç –∂—É—Ä–Ω–∞–ª,59840,59
aif.ru/money,aif.ru/money/,–ê–ò–§ –î–µ–Ω—å–≥–∏,59403,89
hsdigital/rn/realty,realty.ngs.ru,N1.RU ‚Äî –ù–ï–î–í–ò–ñ–ò–ú–û–°–¢–¨ / Hearst Shkulev Digital (E1+NGS+74+N1),59379,97
edimdoma.ru,edimdoma.ru/,¬´–ï–¥–∏–º –î–æ–º–∞!¬ª ‚Äî –∫—É–ª–∏–Ω–∞—Ä–Ω–∞—è —Å–æ—Ü–∏–∞–ª—å–Ω–∞—è —Å–µ—Ç—å. –†–µ—Ü–µ–ø—Ç—ã.,58674,57
ukraina.ru,ukraina.ru/,ukraina.ru,58652,45
audit-it.ru,www.audit-it.ru/,"–ë—É—Ö–≥–∞–ª—Ç–µ—Ä—Å–∫–∏–π —É—á–µ—Ç, –Ω–∞–ª–æ–≥–∏, –∞—É–¥–∏—Ç –≤ –†–§",58461,90
tophotels.ru,tophotels.ru/,Tophotels - —Ä–µ–π—Ç–∏–Ω–≥ –æ—Ç–µ–ª–µ–π –º–∏—Ä–∞,58205,57
smart-lab.ru,smart-lab.ru/,–ö–ª—É–± –¢—Ä–µ–π–¥–µ—Ä–æ–≤ sMart-lab.ru,57523,92
smart-lab.ru,smart-lab.ru/,–ö–ª—É–± –¢—Ä–µ–π–¥–µ—Ä–æ–≤ sMart-lab.ru,57523,92
1001goroskop.ru,1001goroskop.ru/,*1001 –ì–û–†–û–°–ö–û–ü* –æ—Ç –≤–µ–¥—É—â–∏—Ö –∞—Å—Ç—Ä–æ–ª–æ–≥–æ–≤,57492,59
kp/kpall/reg/kpnsk,nsk.kp.ru,&quot;–ö–æ–º—Å–æ–º–æ–ª—å—Å–∫–∞—è –ø—Ä–∞–≤–¥–∞&quot; –ù–æ–≤–æ—Å–∏–±–∏—Ä—Å–∫,57414,87
vazhno.ru,www.vazhno.ru/,–í–ê–ñ–ù–û.RU: –û—á–µ–Ω—å –≤–∞–∂–Ω—ã–µ –Ω–æ–≤–æ—Å—Ç–∏,57311,67
26-2.ru,26-2.ru/,&quot;–£–ø—Ä–æ—â–µ–Ω–∫–∞&quot; - –≤—Å–µ –æ–± —É–ø—Ä–æ—â–µ–Ω–Ω–æ–π —Å–∏—Å—Ç–µ–º–µ –Ω–∞–ª–æ–≥–æ–æ–±–ª–æ–∂–µ–Ω–∏—è,57274,91
gorodvo-ru,gorodvo.ru/,–°–µ—Ç—å –ø–æ—Ä—Ç–∞–ª–æ–≤ Gorod Vo&amp;Che,57139,86
newizv.ru,newizv.ru/,–ù–æ–≤—ã–µ –ò–∑–≤–µ—Å—Ç–∏—è - 1Mediainvest,56918,89
bankiros.ru,bankiros.ru/,"Bankiros.ru - –∫—Ä–µ–¥–∏—Ç—ã, –≤–∫–ª–∞–¥—ã, –∫—É—Ä—Å—ã –≤–∞–ª—é—Ç",56597,94
autodoc.ru,www.autodoc.ru/,Autodoc.ru - –∞–≤—Ç–æ–∑–∞–ø—á–∞—Å—Ç–∏ –¥–ª—è –∏–Ω–æ–º–∞—Ä–æ–∫. –°–µ—Ç—å –º–∞–≥–∞–∑–∏–Ω–æ–≤ –ø–æ –≤—Å–µ–π –†–æ—Å—Å–∏–∏.,56404,94
joblab.ru,joblab.ru/,"JobLab.ru - –†–∞–±–æ—Ç–∞ –≤ –†–æ—Å—Å–∏–∏, –≤–∞–∫–∞–Ω—Å–∏–∏ –∏ —Ä–µ–∑—é–º–µ",56329,96
buhonline.ru,www.buhonline.ru/,–ë—É—Ö–æ–Ω–ª–∞–π–Ω - –Ω–æ–≤–æ—Å—Ç–∏ –∏ —Å—Ç–∞—Ç—å–∏ –¥–ª—è –±—É—Ö–≥–∞–ª—Ç–µ—Ä–∞,56256,93
postila,postila.ru,Postila.ru üéà –õ—É—á—à–∏–µ –∏–¥–µ–∏. –ò–∑ –†–æ—Å—Å–∏–∏ —Å –ª—é–±–æ–≤—å—é,56205,43
sibkray,sibkray.ru/,sibkrayru,56126,75
tvc.ru,www.tvc.ru/,–¢–í –¶–µ–Ω—Ç—Ä,55869,66
bloknot-volgograd.ru,bloknot-volgograd.ru/,–ë–ª–æ–∫–Ω–æ—Ç –í–æ–ª–≥–æ–≥—Ä–∞–¥,55808,96
gorodche.ru,www.gorodche.ru/,–ì–æ—Ä–æ–¥–ß–ï - –°–æ–≤—Ä–µ–º–µ–Ω–Ω—ã–π –ø–æ—Ä—Ç–∞–ª –ß–µ—Ä–µ–ø–æ–≤—Ü–∞,55780,85
atorus.ru,www.atorus.ru/,–ê—Å—Å–æ—Ü–∏–∞—Ü–∏—è —Ç—É—Ä–æ–ø–µ—Ä–∞—Ç–æ—Ä–æ–≤ –†–æ—Å—Å–∏–∏,55543,90
2gis/online/ru/novosibirsk,2gis.ru,"–ö–∞—Ä—Ç–∞ –ù–æ–≤–æ—Å–∏–±–∏—Ä—Å–∫–∞: —É–ª–∏—Ü—ã, –¥–æ–º–∞ –∏ –æ—Ä–≥–∞–Ω–∏–∑–∞—Ü–∏–∏ –≥–æ—Ä–æ–¥–∞ ‚Äî 2–ì–ò–°",55467,97
TrudcomAll,trud.com,Trud.com - –ü–æ–∏—Å–∫ –†–∞–±–æ—Ç—ã –ø–æ –í—Å–µ–π –†–æ—Å—Å–∏–∏,54489,93
FederalPress,fedpress.ru/,–§–µ–¥–µ—Ä–∞–ª–ü—Ä–µ—Å—Å,54444,89
politpuzzle.ru,politpuzzle.ru/,–ò–Ω—Ñ–æ—Ä–º–∞—Ü–∏–æ–Ω–Ω–æ-–∞–Ω–∞–ª–∏—Ç–∏—á–µ—Å–∫–∏–π –ø–æ—Ä—Ç–∞–ª Politpuzzle.ru,54206,82
igromagnit.net,igromagnit.net/,igromagnit.net,53824,93
JoyReactor,joyreactor.cc/,JoyReactor: —Å–º–µ—à–Ω—ã–µ –∫–∞—Ä—Ç–∏–Ω–∫–∏ –∏ —Ç–µ–º–∞—Ç–∏—á–µ—Å–∫–∏–µ —Å–æ–æ–±—â–µ—Å—Ç–≤–∞,53800,43
ilibrary.ru,ilibrary.ru/,–ò–ù–¢–ï–†–ù–ï–¢-–ë–ò–ë–õ–ò–û–¢–ï–ö–ê  iLibrary.ru,53797,82
medio,medio.pro,Medio: –ø–æ–ª–µ–∑–Ω—ã–µ —Å–∞–π—Ç—ã –¥–ª—è –≤—Å–µ–π —Å–µ–º—å–∏,52760,74
kdelo.ru,www.kdelo.ru/,–ö–∞–¥—Ä–æ–≤–æ–µ –¥–µ–ª–æ. –ü—Ä–∞–∫—Ç–∏—á–µ—Å–∫–∏–π –∂—É—Ä–Ω–∞–ª –æ –∫–∞–¥—Ä–æ–≤–æ–π —Ä–∞–±–æ—Ç–µ –∏ —É–ø—Ä–∞–≤–ª–µ–Ω–∏–∏ –ø–µ—Ä—Å–æ–Ω–∞–ª–æ–º,52701,93
muz-tv.ru,muz-tv.ru/,–ü–µ—Ä–≤—ã–π –Ω–∞—Ü–∏–æ–Ω–∞–ª—å–Ω—ã–π –º—É–∑—ã–∫–∞–ª—å–Ω—ã–π —Ç–µ–ª–µ–∫–∞–Ω–∞–ª,52667,76
1gai.ru,1gai.ru/,"1–≥–∞–∏.—Ä—É - –ò–Ω—Ç–µ—Ä–Ω–µ—Ç –∏–∑–¥–∞–Ω–∏–µ –¥–ª—è —Ç–µ—Ö, –∫—Ç–æ –ª—é–±–∏—Ç –≤—Å–µ, —á—Ç–æ –¥–≤–∏–∂–µ—Ç—Å—è",52653,88
7info.ru,7info.ru/,7info.ru –†–ò–ê ¬´7 –Ω–æ–≤–æ—Å—Ç–µ–π¬ª,52453,86
tab.film,tab.film/,TABFILM ‚Äî –§–∏–ª—å–º—ã –æ–Ω–ª–∞–π–Ω,51270,83
medikforum.ru,medikforum.ru/,"MEDIKFORUM. –ü–æ—Ä—Ç–∞–ª –æ –∑–¥–æ—Ä–æ–≤—å–µ, –∫—Ä–∞—Å–æ—Ç–µ, –º–µ–¥–∏—Ü–∏–Ω–µ.",51116,84
MOE-online,www.moe-online.ru,–ú–û–Å! Online. –í—Å–µ –Ω–æ–≤–æ—Å—Ç–∏ –í–æ—Ä–æ–Ω–µ–∂–∞,50921,95
li.ru,www.li.ru/,–ú–æ–±–∏–ª—å–Ω–∞—è –≤–µ—Ä—Å–∏—è –ø–æ—Ä—Ç–∞–ª–∞ LiveInternet.ru,50644,76
amicru,amic.ru,–ò–Ω—Ñ–æ—Ä–º–∞—Ü–∏–æ–Ω–Ω–æ–µ –∞–≥–µ–Ω—Ç—Å—Ç–≤–æ –ê–º–∏—Ç–µ–ª,50418,95
visasam.ru,visasam.ru/,"Visasam.ru - —Å–∞–º–æ—Å—Ç–æ—è—Ç–µ–ª—å–Ω—ã–µ –ø—É—Ç–µ—à–µ—Å—Ç–≤–∏—è, —ç–º–∏–≥—Ä–∞—Ü–∏—è –∏ –∂–∏–∑–Ω—å –∑–∞ –≥—Ä–∞–Ω–∏—Ü–µ–π",50229,79
bgoperator.ru,www.bgoperator.ru/,–ë–∏–±–ª–∏–æ-–ì–ª–æ–±—É—Å —Ç—É—Ä—ã –æ—Ç–µ–ª–∏ –±–∏–ª–µ—Ç—ã –ø–æ –ª—É—á—à–∏–º —Ü–µ–Ω–∞–º,49826,94
ctege.org,ctege.org/,"–°–∞–º–æ–ü–æ–¥–≥–æ—Ç–æ–≤–∫–∞ –∫ –ï–ì–≠: —É—á–µ–±–Ω–∏–∫–∏, –¥–µ–º–æ–≤–µ—Ä—Å–∏–∏, –∑–∞–¥–∞–Ω–∏—è –∏ –∫–Ω–∏–≥–∏!",49419,95
kudago.com,kudago.com/,"–ö—É–¥–∞ –ø–æ–π—Ç–∏? –ú–æ—Å–∫–≤–∞, –°–∞–Ω–∫—Ç-–ü–µ—Ç–µ—Ä–±—É—Ä–≥. KudaGo.",49283,89
gazeta.ru/science,www.gazeta.ru/science/,–ì–∞–∑–µ—Ç–∞.Ru: –ù–∞—É–∫–∞,49211,85
Hab/all,dvhab.ru,–°–∞–π—Ç –•–∞–±–∞—Ä–æ–≤—Å–∫–∞,49169,94
RBCRU/KRASNODAR,krasnodar.rbc.ru,–†–ë–ö - –†–æ—Å–ë–∏–∑–Ω–µ—Å–ö–æ–Ω—Å–∞–ª—Ç–∏–Ω–≥ - –ö—Ä–∞—Å–Ω–æ–¥–∞—Ä,48742,97
klops.ru,klops.ru/,–ö–ª–æ–ø—Å,48562,94
legalacts.ru,legalacts.ru/,"–ó–∞–∫–æ–Ω—ã, –∫–æ–¥–µ–∫—Å—ã –∏ –Ω–æ—Ä–º–∞—Ç–∏–≤–Ω–æ-–ø—Ä–∞–≤–æ–≤—ã–µ –∞–∫—Ç—ã –≤ –†–æ—Å—Å–∏–π—Å–∫–æ–π –§–µ–¥–µ—Ä–∞—Ü–∏–∏",48515,95
hsdigital/rn/pogoda,pogoda.ngs.ru,Hearst Shkulev Digital ‚Äî –ü–û–ì–û–î–ê,48362,98
tourdom.ru,www.tourdom.ru/,–¢—É—Ä–¥–æ–º.—Ä—É - –ò–Ω—Ñ–æ—Ä–º–∞—Ü–∏–æ–Ω–Ω–∞—è —Å–ª—É–∂–±–∞ &quot;–ë–ê–ù–ö–û&quot;,48233,89
ngs55,ngs55.ru,NGS55.RU - –Ω–æ–≤–æ—Å—Ç–Ω–æ–π –ø–æ—Ä—Ç–∞–ª –≥–æ—Ä–æ–¥–∞ –û–º—Å–∫. Hearst Shkulev Digital,48082,92
russkiiyazyk.ru,russkiiyazyk.ru/,–†—É—Å—Å–∫–∏–π —è–∑—ã–∫,47773,70
minecraft-inside.ru,minecraft-inside.ru/,Minecraft Inside,47516,71
vkfaces.com,vkfaces.com/,"VKFaces ‚Äî –ø–æ–ø—É–ª—è—Ä–Ω—ã–µ –≥—Ä—É–ø–ø—ã, –≤–∏–¥–µ–æ, –Ω–æ–≤—ã–µ –∑–≤—ë–∑–¥—ã –∏ –ø–æ–∏—Å–∫ –ª—é–¥–µ–π –í–ö–æ–Ω—Ç–∞–∫—Ç–µ",47425,77
openmedia.io,openmedia.io/,–û—Ç–∫—Ä—ã—Ç—ã–µ –º–µ–¥–∏–∞,47227,70
irk.ru,www.irk.ru/,Irk.Ru - –¢–≤–æ–π –ò—Ä–∫—É—Ç—Å–∫,47048,96
eurosport.ru,www.eurosport.ru/,Eurosport.ru,46752,36
moika78.ru,moika78.ru/,–ú–æ–π–∫–∞ 78,46686,75
kp/kpall/putevoditel/zdorove,www.kp.ru/putevoditel/zdorove,–ú–µ–¥–∏—Ü–∏–Ω–∞ –∏ –ó–¥–æ—Ä–æ–≤—å–µ –ö–ü,46618,66
gamemag.ru,gamemag.ru/,"GameMAG - –ù–û–í–û–°–¢–ò, –§–û–†–£–ú–´, –¢–£–°–û–í–ö–ê",46513,85
SPORT-RU,sport.ru,Sport.ru,46288,87
dota2.ru,dota2.ru/,Dota 2,46281,76
studopedia.su,studopedia.su/,–°—Ç—É–¥–æ–ø–µ–¥–∏—è.–°—É,46274,83
infopedia.su,infopedia.su/,–ò–Ω—Ñ–æ–ø–µ–¥–∏—è - –¥–ª—è —É–≥–ª—É–±–ª–µ–Ω–∏—è –∑–Ω–∞–Ω–∏–π,46195,84
eva.ru,eva.ru/,–ï–≤–∞.–†—É: –∂–µ–Ω—Å–∫–∏–π –∏–Ω—Ç–µ—Ä–Ω–µ—Ç,46175,81
wwwchitaru,www.chita.ru/,–ß–∏—Ç–∏–Ω—Å–∫–∏–π –ì–æ—Ä–æ–¥—Å–∫–æ–π –ü–æ—Ä—Ç–∞–ª,46077,95
pnpru,www.pnp.ru,–ü–∞—Ä–ª–∞–º–µ–Ω—Ç—Å–∫–∞—è –≥–∞–∑–µ—Ç–∞: –Ω–æ–≤–æ—Å—Ç–∏ –ì–æ—Å–¥—É–º—ã –∏ –°–æ–≤–µ—Ç–∞ –§–µ–¥–µ—Ä–∞—Ü–∏–∏,45404,88
avtodispetcher.ru,www.avtodispetcher.ru/,–ê–≤—Ç–æ–¥–∏—Å–ø–µ—Ç—á–µ—Ä.–†—É,45251,89
Russian_Spring,rusvesna.su,–†—É—Å—Å–∫–∞—è –í–µ—Å–Ω–∞,45039,53
hsdigital/rn/forum/52,hsdigital/rn/forum/52,NN.RU ‚Äî –§–æ—Ä—É–º—ã,44897,88
Move,move.su,–ü–æ–∏—Å–∫–æ–≤–∞—è —Å–∏—Å—Ç–µ–º–∞ –Ω–µ–¥–≤–∏–∂–∏–º–æ—Å—Ç–∏ Move.Ru,44741,93
24au,24au.ru,–ò–Ω—Ç–µ—Ä–Ω–µ—Ç-–∞—É–∫—Ü–∏–æ–Ω Au.ru - –†–æ—Å—Å–∏—è,44734,93
trial-sport.ru,trial-sport.ru/,"–¢—Ä–∏–∞–ª-–°–ø–æ—Ä—Ç. –ì–æ—Ä–Ω—ã–µ –ª—ã–∂–∏, —Å–Ω–æ—É–±–æ—Ä–¥—ã, –≤–µ–ª–æ—Å–∏–ø–µ–¥—ã, —Ä–æ–ª–∏–∫–∏, —Ç—É—Ä–∏–∑–º.",44713,95
61,161.ru,–ì—Ä—É–ø–ø–∞ —Å–∞–π—Ç–æ–≤ 161.ru,44401,89
m-strana.ru,m-strana.ru/,–í—ã—Å—Ç–∞–≤–∫–∞ –¥–æ–º–æ–≤ –ú–∞–ª–æ—ç—Ç–∞–∂–Ω–∞—è —Å—Ç—Ä–∞–Ω–∞,44341,89
hsdigital/rn/smi/76,76.ru,76.RU - –≥–ª–∞–≤–Ω—ã–µ –Ω–æ–≤–æ—Å—Ç–∏ –Ø—Ä–æ—Å–ª–∞–≤–ª—è. Shkulev Digital,44277,96
Realnoevremya,realnoevremya.ru,–†–µ–∞–ª—å–Ω–æ–µ –≤—Ä–µ–º—è,44175,81
hsdigital/rn/smi/61,161.ru,161.RU - –í—Å–µ —Å–æ–±—ã—Ç–∏—è –†–æ—Å—Ç–æ–≤–∞-–Ω–∞-–î–æ–Ω—É. Shkulev Digital,44091,89
gorod48.ru,gorod48.ru/,Gorod48.ru - –≤—Å–µ –Ω–æ–≤–æ—Å—Ç–∏ –õ–∏–ø–µ—Ü–∫–∞ –æ–Ω–ª–∞–π–Ω,43972,98
inforeactor.ru,inforeactor.ru/,–ò–Ω—Ñ–æ—Ä–µ–∞–∫—Ç–æ—Ä - –£–∑–Ω–∞–≤–∞–π –ø–æ—Å–ª–µ–¥–Ω–∏–µ –Ω–æ–≤–æ—Å—Ç–∏ –ø–µ—Ä–≤—ã–º.,43696,85
alloygroup,www.reklama.alloy.ru,–°–µ—Ç—å —Ç–æ—Ä–≥–æ–≤—ã—Ö –ø–ª–æ—â–∞–¥–æ–∫ Alloy.ru (—Ä–∞–∑–º–µ—Å—Ç–∏ —Ç–æ–≤–∞—Ä—ã –±–µ—Å–ø–ª–∞—Ç–Ω–æ!),43577,95
cheb_ru,www.cheb.ru,CHEB.ru: –ì—Ä—É–ø–ø–∞ —Å–∞–π—Ç–æ–≤ –ß–µ–±–æ–∫—Å–∞—Ä –∏ –ß—É–≤–∞—à–∏–∏,42933,97
AMURINFO,www.amur.info,AMUR.INFO,42873,83
tvc.ru/news,www.tvc.ru/news/,–¢–í –¶–µ–Ω—Ç—Ä. –ù–æ–≤–æ—Å—Ç–∏,42801,64
ussurmedia.ru,ussurmedia.ru/,UssurMedia,42738,68
womanhit.ru,womanhit.ru/,WomanHIT.ru - –≤—Å–µ –Ω–æ–≤–æ—Å—Ç–∏ —à–æ—É-–±–∏–∑–Ω–µ—Å–∞,42525,74
volg.mk.ru,volg.mk.ru/,–ú–ö –≤ –í–æ–ª–≥–æ–≥—Ä–∞–¥–µ,42414,95
pravmir.ru,www.pravmir.ru/,–ü–†–ê–í–û–°–õ–ê–í–ò–ï –ò –ú–ò–†,42382,75
bestreferat.ru,www.bestreferat.ru/,"–ë–∞–Ω–∫ —Ä–µ—Ñ–µ—Ä–∞—Ç–æ–≤, –¥–∏–ø–ª–æ–º—ã, –∫—É—Ä—Å–æ–≤—ã–µ —Ä–∞–±–æ—Ç—ã, —Å–æ—á–∏–Ω–µ–Ω–∏—è, –¥–æ–∫–ª–∞–¥—ã",42145,84
34,v1.ru,–ì—Ä—É–ø–ø–∞ —Å–∞–π—Ç–æ–≤ V1.ru,42014,96
gramota.ru,gramota.ru/,–ì–†–ê–ú–û–¢–ê.–†–£,41900,77
chita.ru,chita.ru/,–ß–∏—Ç–∏–Ω—Å–∫–∏–π –ì–æ—Ä–æ–¥—Å–∫–æ–π –ü–æ—Ä—Ç–∞–ª,41872,95
fr-lyrics.ru,www.fr-lyrics.ru/,–ü–µ—Ä–µ–≤–æ–¥—ã –ø–µ—Å–µ–Ω,41824,60
hsdigital/rn/smi/34,v1.ru,V1.RU - –≥–ª–∞–≤–Ω—ã–µ –Ω–æ–≤–æ—Å—Ç–∏ –í–æ–ª–≥–æ–≥—Ä–∞–¥–∞. Shkulev Digital,41807,96
landofgames.ru,landofgames.ru/,"LandofGames.ru - –∏–≥—Ä–æ–≤—ã–µ –Ω–æ–≤–æ—Å—Ç–∏, —Å—Ç–∞—Ç—å–∏ –∏ —Ñ–ª–µ—à –∏–≥—Ä—ã",41591,79
crimea.ria.ru,crimea.ria.ru/,–†–ò–ê –ö—Ä—ã–º,41576,65
63,63.ru/,–ì—Ä—É–ø–ø–∞ —Å–∞–π—Ç–æ–≤ 63.ru,41357,95
davay-pozhenimsya.tv,davay-pozhenimsya.tv/,davay-pozhenimsya.tv,41205,34
2gis/online/ru/spb,2gis.ru,"–ö–∞—Ä—Ç–∞ –°–∞–Ω–∫—Ç-–ü–µ—Ç–µ—Ä–±—É—Ä–≥–∞: —É–ª–∏—Ü—ã, –¥–æ–º–∞ –∏ –æ—Ä–≥–∞–Ω–∏–∑–∞—Ü–∏–∏ –≥–æ—Ä–æ–¥–∞ ‚Äî 2–ì–ò–°",41197,95
HolodilnikRu,www.holodilnik.ru,–•–æ–ª–æ–¥–∏–ª—å–Ω–∏–∫.–†—É - –∏–Ω—Ç–µ—Ä–Ω–µ—Ç –º–∞–≥–∞–∑–∏–Ω –±—ã—Ç–æ–≤–æ–π —Ç–µ—Ö–Ω–∏–∫–∏.  –î–æ—Å—Ç–∞–≤–∏–º –∏–∑ –Ω–∞–ª–∏—á–∏—è —Å–µ–≥–æ–¥–Ω—è!,41131,86
supersadovnik.ru,www.supersadovnik.ru/,"–°–∞–¥–æ–≤–Ω–∏–∫ ‚Äì –≤—Å–µ –¥–ª—è –¥–∞—á–Ω–æ–≥–æ —É—á–∞—Å—Ç–∫–∞, —Å–∞–¥–∞, –æ–≥–æ—Ä–æ–¥–∞ –∏ –¥–æ–º–∞",41080,82
mediametrics.ru,mediametrics.ru/,–ú–µ–¥–∏–∞–º–µ—Ç—Ä–∏–∫—Å - —Å–≤–µ–∂–∏–µ –∫–æ—Ç–∏—Ä–æ–≤–∫–∏ –Ω–æ–≤–æ—Å—Ç–µ–π,41050,64
calend,calend.ru,"–ö–∞–ª–µ–Ω–¥–∞—Ä—å c–æ–±—ã—Ç–∏–π 2019  - –ø—Ä–∞–∑–¥–Ω–∏–∫–∏, –∏–º–µ–Ω–∏–Ω—ã, –ø–∞–º—è—Ç–Ω—ã–µ –¥–∞—Ç—ã",41001,74
ngs55.ru,ngs55.ru/,–ù–ì–°.–ì–õ–ê–í–ù–ê–Ø ‚Äî –û–º—Å–∫,40909,90
hsdigital/rn/smi/55,news.ngs55.ru,NGS55.RU - –≥–ª–∞–≤–Ω—ã–µ –Ω–æ–≤–æ—Å—Ç–∏ –û–º—Å–∫–∞. Shkulev Digital,40900,91
trud.com,www.trud.com/,Trud.com - –ü–æ–∏—Å–∫ –†–∞–±–æ—Ç—ã –ø–æ –í—Å–µ–π –†–æ—Å—Å–∏–∏,40203,94
drive.ru,www.drive.ru/,–î–†–ê–ô–í,40020,82
lolz.guru,lolz.guru/,–§–æ—Ä—É–º —Å–æ—Ü–∏–∞–ª—å–Ω–æ–π –∏–Ω–∂–µ–Ω–µ—Ä–∏–∏ Lolzteam,39870,74
7ya.ru,7ya.ru/,–°–µ–º–µ–π–Ω—ã–µ —Å–∞–π—Ç—ã –ê–õ–ü-–ú–µ–¥–∏–∞,39651,78
topnews.ru,www.topnews.ru/,"TopNews: –°–∞–º—ã–µ –∑–Ω–∞–º–µ–Ω–∏—Ç—ã–µ –º–∏–ª–ª–∏–æ–Ω–µ—Ä—ã, &quot;–ø—Ä–æ–≥–Ω—É–≤—à–∏–µ&quot; –ò–Ω—Å—Ç–∞–≥—Ä–∞–º (–§–û–¢–û)",39449,26
Infostart,infostart.ru/,–ò–Ω—Ñ–æ—Å—Ç–∞—Ä—Ç - —Å–æ–æ–±—â–µ—Å—Ç–≤–æ —Å–ø–µ—Ü–∏–∞–ª–∏—Å—Ç–æ–≤ 1–°,39320,82
domofond.ru,www.domofond.ru/,Domofond.ru - –ù–∞–π–¥–∏—Ç–µ —Å–≤–æ–µ –∏–¥–µ–∞–ª—å–Ω–æ–µ –∂–∏–ª—å–µ,38979,93
ekaterinburg.hh.ru,ekaterinburg.hh.ru/,–†–∞–±–æ—Ç–∞ –≤ –ï–∫–∞—Ç–µ—Ä–∏–Ω–±—É—Ä–≥–µ –Ω–∞ HeadHunter,38955,98
proza.ru,www.proza.ru/,–ü—Ä–æ–∑–∞.—Ä—É - –Ω–∞—Ü–∏–æ–Ω–∞–ª—å–Ω—ã–π —Å–µ—Ä–≤–µ—Ä —Å–æ–≤—Ä–µ–º–µ–Ω–Ω–æ–π –ø—Ä–æ–∑—ã,38879,72
gig-torrent.ru,gig-torrent.ru/,"—Å–∫–∞—á–∞—Ç—å –∏–≥—Ä—ã, —Å–∫–∞—á–∞—Ç—å –∏–≥—Ä—É, —Ç–æ—Ä—Ä–µ–Ω—Ç, –∏–≥—Ä–æ–≤–æ–π –ø–æ—Ä—Ç–∞–ª, gig-torrent, pc, psp, xbox",38741,96
mainfin.ru,mainfin.ru/,Mainfin.ru - –ë–∞–Ω–∫–∏ –∏ —Ñ–∏–Ω–∞–Ω—Å—ã –†–æ—Å—Å–∏–∏,38316,95
gazeta.ru/culture,gazeta.ru/culture/,–ì–∞–∑–µ—Ç–∞.Ru: –ö—É–ª—å—Ç—É—Ä–∞,38306,83
politexpert.net,politexpert.net/,–ü–æ–ª–∏—Ç–≠–∫—Å–ø–µ—Ä—Ç - –û–±—â–µ—Å—Ç–≤–µ–Ω–Ω—ã–π –ø–æ–ª–∏—Ç–∏—á–µ—Å–∫–∏–π –∂—É—Ä–Ω–∞–ª,38264,81
spbdnevnik.ru,www.spbdnevnik.ru/,¬´–ü–µ—Ç–µ—Ä–±—É—Ä–≥—Å–∫–∏–π –¥–Ω–µ–≤–Ω–∏–∫¬ª ‚Äî –æ—Ñ–∏—Ü–∏–∞–ª—å–Ω–æ–µ –∏–∑–¥–∞–Ω–∏–µ –ø—Ä–∞–≤–∏—Ç–µ–ª—å—Å—Ç–≤–∞ –°–∞–Ω–∫—Ç-–ü–µ—Ç–µ—Ä–±—É—Ä–≥–∞,38240,92
glavnoe.net,glavnoe.net/,–ì–ª–∞–≤–Ω–æ–µ.net,38176,60
lektsii.org,lektsii.org/,–õ–µ–∫—Ü–∏–∏.–û—Ä–≥,37971,85
1tv.ru,www.1tv.ru/,1TV - –ü–ï–†–í–´–ô –ö–ê–ù–ê–õ - –¢–í –†–û–°–°–ò–ò,37806,77
kp/kpall/reg/kpural,ural.kp.ru,&quot;–ö–æ–º—Å–æ–º–æ–ª—å—Å–∫–∞—è –ø—Ä–∞–≤–¥–∞&quot; –ï–∫–∞—Ç–µ—Ä–∏–Ω–±—É—Ä–≥,37757,92
snob.ru,snob.ru/,snob.ru,37641,67
hsdigital/rn/smi/63,63.ru,63.RU - –≥–ª–∞–≤–Ω—ã–µ –Ω–æ–≤–æ—Å—Ç–∏ –°–∞–º–∞—Ä—ã. Shkulev Digital,37546,95
gazeta.ru/sport,gazeta.ru/sport/,–ì–∞–∑–µ—Ç–∞.Ru: –°–ø–æ—Ä—Ç,37387,80
kulturologia.ru,kulturologia.ru/,–ö—É–ª—å—Ç—É—Ä–æ–ª–æ–≥–∏—è.–†–§,37337,55
ir-center.ru,ir-center.ru/,–°–∞–π—Ç –≤–∞–∫–∞–Ω—Å–∏–π –¶–ó–ù –†–§,37305,97
finbi.ru,finbi.ru/,–§–∏–Ω–ë–∏,37267,85
buhgalteria.ru,www.buhgalteria.ru/,–ë—É—Ö–≥–∞–ª—Ç–µ—Ä–∏—è.ru - –≤—Å–µ –æ –±—É—Ö—É—á–µ—Ç–µ –∏ –Ω–∞–ª–æ–≥–æ–æ–±–ª–æ–∂–µ–Ω–∏–∏,37202,94
RBCRU/TATARSTAN,rt.rbc.ru,–†–ë–ö - –†–æ—Å–ë–∏–∑–Ω–µ—Å–ö–æ–Ω—Å–∞–ª—Ç–∏–Ω–≥ - –¢–∞—Ç–∞—Ä—Å—Ç–∞–Ω,37084,99
allcalc.ru,allcalc.ru/,–ö–∞—Ç–∞–ª–æ–≥ –æ–Ω–ª–∞–π–Ω –∫–∞–ª—å–∫—É–ª—è—Ç–æ—Ä–æ–≤,37074,72
tvcenter.ru,www.tvcenter.ru/,–ù–æ–≤–æ—Å—Ç–∏ —Ç–µ–ª–µ–≤–∏–¥–µ–Ω–∏—è –∏ –Ω–æ–≤–æ—Å—Ç–∏ —à–æ—É –±–∏–∑–Ω–µ—Å–∞. –ú—É–∑—ã–∫–∞–ª—å–Ω—ã–µ –Ω–æ–≤–æ—Å—Ç–∏.,37048,90
mirkvartir.ru,mirkvartir.ru/,–ú–ò–† –ö–í–ê–†–¢–ò–† - –Ω–µ–¥–≤–∏–∂–∏–º–æ—Å—Ç—å –±–µ–∑ –≥—Ä–∞–Ω–∏—Ü,37009,90
ykt.ru,www.ykt.ru/,–ò–Ω—Ñ–æ—Ä–º–∞—Ü–∏–æ–Ω–Ω–æ-—Ä–∞–∑–≤–ª–µ–∫–∞—Ç–µ–ª—å–Ω—ã–π –∏–Ω—Ç–µ—Ä–Ω–µ—Ç –ø–æ—Ä—Ç–∞–ª –Ø–∫—É—Ç—Å–∫–∞,36984,96
ftimes.ru,ftimes.ru/,FTimes,36839,90
parents.ru,www.parents.ru/,–°—á–∞—Å—Ç–ª–∏–≤—ã–µ —Ä–æ–¥–∏—Ç–µ–ª–∏ –Ω–∞ Parents.ru,36803,88
73online.ru,73online.ru/,–£–ª—å—è–Ω–æ–≤—Å–∫ –æ–Ω–ª–∞–π–Ω,36710,89
sakh.com,sakh.com/,Sakh.com - –°–∞—Ö–∞–ª–∏–Ω –∏ –ö—É—Ä–∏–ª—ã,36703,97
spb.mk.ru,spb.mk.ru/,–ú–ö –≤ –ü–∏—Ç–µ—Ä–µ,36487,96
www-dev.filmpro.ru,www-dev.filmpro.ru/,–§–∏–ª—å–º –ü—Ä–æ,36460,49
ytro.ru,ytro.ru/,–£—Ç—Ä–æ.—Ä—É ‚Äì –∏–Ω—Ç–µ—Ä–Ω–µ—Ç-–≥–∞–∑–µ—Ç–∞,36405,33
Sibnet,www.sibnet.ru/,Sibnet.ru - –≤—Å–µ –≥–æ—Ä–æ–¥–∞ –°–∏–±–∏—Ä–∏,36360,74
kolesa.ru,www.kolesa.ru/,"–ö–û–õ–ï–°–ê.—Ä—É - –∞–≤—Ç–æ–Ω–æ–≤–æ—Å—Ç–∏, —Ç–µ—Å—Ç-–¥—Ä–∞–π–≤—ã, –ø—Ä–µ–º—å–µ—Ä—ã, –æ–±—â–µ–Ω–∏–µ",36319,74
runews24.ru,runews24.ru/,–ò–Ω—Ñ–æ—Ä–º–∞—Ü–∏–æ–Ω–Ω–æ–µ –∞–≥–µ–Ω—Ç—Å—Ç–≤–æ RuNews24.ru,36294,91
motorpage.ru,www.motorpage.ru/,Motorpage.ru - –í–∞—à –ø–æ–º–æ—â–Ω–∏–∫ –≤ –≤—ã–±–æ—Ä–µ –∞–≤—Ç–æ–º–æ–±–∏–ª—è!,36281,84
slovodel.com,slovodel.com/,–ê–Ω–∞–ª–∏—Ç–∏—á–µ—Å–∫–∏–π –∏–Ω—Ç–µ—Ä–Ω–µ—Ç-–∂—É—Ä–Ω–∞–ª &quot;–°–ª–æ–≤–æ –∏ –¥–µ–ª–æ&quot;,36147,36
spravka,003ms.ru,&quot;–°–ø—Ä–∞–≤–º–µ–¥–∏–∫–∞&quot; - —Å–ø—Ä–∞–≤–æ—á–Ω–∞—è –∞–ø—Ç–µ–∫ –≤ –≥–æ—Ä–æ–¥–∞—Ö –†–æ—Å—Å–∏–∏,36078,97
kp/kpall/reg/kpperm,perm.kp.ru,&quot;–ö–æ–º—Å–æ–º–æ–ª—å—Å–∫–∞—è –ø—Ä–∞–≤–¥–∞&quot; –ü–µ—Ä–º—å,36011,91
kp/kpall/reg/kpufa,ufa.kp.ru,&quot;–ö–æ–º—Å–æ–º–æ–ª—å—Å–∫–∞—è –ø—Ä–∞–≤–¥–∞&quot; –£—Ñ–∞,35984,97
myslo.ru,myslo.ru/,–°–ª–æ–±–æ–¥–∞ - —Å–∞–º–∞—è –ø–æ–ø—É–ª—è—Ä–Ω–∞—è –≥–∞–∑–µ—Ç–∞ –¢—É–ª—ã. –ù–æ–≤–æ—Å—Ç–∏ –¢—É–ª—ã –∏ –æ–±–ª–∞—Å—Ç–∏. –ê—Ñ–∏—à–∞ –¢—É–ª—ã.,35938,96
cataloxy,cataloxy.ru,Cataloxy - –ë–µ—Å–ø–ª–∞—Ç–Ω–æ–µ —Ä–µ–∫–ª–∞–º–Ω–æ–µ –ø—Ä–æ—Å—Ç—Ä–∞–Ω—Å—Ç–≤–æ,35920,95
joyreactor.ru,joyreactor.ru/,JoyReactor - —Å–º–∏—â–Ω—ã–µ –∫–∞—Ä—Ç–∏–Ω–∫–∏,35916,56
ekburg,–µ–∫–∞—Ç–µ—Ä–∏–Ω–±—É—Ä–≥.—Ä—Ñ,–û—Ñ–∏—Ü–∏–∞–ª—å–Ω—ã–π –ø–æ—Ä—Ç–∞–ª –ï–∫–∞—Ç–µ—Ä–∏–Ω–±—É—Ä–≥–∞,35793,87
vzsar.ru,vzsar.ru/,–í–∑–≥–ª—è–¥. –°–∞—Ä–∞—Ç–æ–≤,35514,93
mmo13.ru,mmo13.ru/,MMO13,35183,86
tor.lafa.site,tor.lafa.site/,tor.lafa.site,35162,78
mirkosmosa.ru,mirkosmosa.ru/,–ú–∏—Ä –∫–æ—Å–º–æ—Å–∞,35108,57
pravmir,www.pravmir.ru,–ü–†–ê–í–û–°–õ–ê–í–ò–ï –ò –ú–ò–†,35095,72
atlib.ru,atlib.ru/,–ü–æ—Ä—Ç–∞–ª —Ä–µ–º–æ–Ω—Ç–∞ –∞–≤—Ç–æ —Å–≤–æ–∏–º–∏ —Ä—É–∫–∞–º–∏ ‚Ññ1,34986,63
hsdigital/rn/smi/02,ufa1.ru,UFA1.RU - –≥–ª–∞–≤–Ω—ã–µ –Ω–æ–≤–æ—Å—Ç–∏ –£—Ñ—ã. Shkulev Digital,34971,96
Tatar-Inform,tatar-inform.ru,–ò–ê &quot;–¢–∞—Ç–∞—Ä-–ò–Ω—Ñ–æ—Ä–º&quot;,34633,92
konkurent.ru,konkurent.ru/,"KONKURENT.RU - –≠–∫–æ–Ω–æ–º–∏–∫–∞ –∏ –±–∏–∑–Ω–µ—Å –í–ª–∞–¥–∏–≤–æ—Å—Ç–æ–∫–∞, –î–∞–ª—å–Ω–µ–≥–æ –í–æ—Å—Ç–æ–∫–∞ –∏ –†–æ—Å—Å–∏–∏",34304,88
irr,www.irr.ru/,"–ò–∑ —Ä—É–∫ –≤ —Ä—É–∫–∏ - –±–µ—Å–ø–ª–∞—Ç–Ω—ã–µ –æ–±—ä—è–≤–ª–µ–Ω–∏—è –∞–≤—Ç–æ, –Ω–µ–¥–≤–∏–∂–∏–º–æ—Å—Ç—å, —Ä–∞–±–æ—Ç–∞",34152,94
sib.fm,sib.fm/,–°–∏–±.—Ñ–º ‚Äî –∏–Ω—Ç–µ—Ä–Ω–µ—Ç-–∂—É—Ä–Ω–∞–ª –æ –°–∏–±–∏—Ä–∏,34103,93
kp/kpall/afisha,www.kp.ru/afisha,–ê—Ñ–∏—à–∞ &quot;–ö–ü&quot;,34100,84
2gis/online/ru/ekaterinburg,2gis.ru,"–ö–∞—Ä—Ç–∞ –ï–∫–∞—Ç–µ—Ä–∏–Ω–±—É—Ä–≥–∞: —É–ª–∏—Ü—ã, –¥–æ–º–∞ –∏ –æ—Ä–≥–∞–Ω–∏–∑–∞—Ü–∏–∏ –≥–æ—Ä–æ–¥–∞ ‚Äî 2–ì–ò–°",34060,98
kazanfirst.ru,kazanfirst.ru/,Kazanfirst - –ù–æ–≤–æ—Å—Ç–∏ –¢–∞—Ç–∞—Ä—Å—Ç–∞–Ω–∞,33979,93
pluggedin.ru,pluggedin.ru/,"Plugged In - –∏–≥—Ä—ã, –∫–∏–Ω–æ –∏ —Ç–µ—Ö–Ω–æ–ª–æ–≥–∏–∏",33952,74
101.ru,101.ru/,101.ru - –ü—Ä–æ—Ñ–µ—Å—Å–∏–æ–Ω–∞–ª—å–Ω–æ–µ –∏–Ω—Ç–µ—Ä–Ω–µ—Ç-—Ä–∞–¥–∏–æ. 101 —Ä–∞–¥–∏–æ-–∫–∞–Ω–∞–ª –Ω–∞ –ª—é–±–æ–π –≤–∫—É—Å.,33886,61
pronedra.ru,pronedra.ru/,–ü–†–û–ù–ï–î–†–ê,33799,91
anekdot.ru,www.anekdot.ru/,–ê–Ω–µ–∫–¥–æ—Ç—ã –∏–∑ –†–æ—Å—Å–∏–∏,33750,63
pravda.ru/showbiz,www.pravda.ru/showbiz/,Pravda.Ru: –®–æ—É-–±–∏–∑–Ω–µ—Å,33719,77
nashaspravka,nashaspravka.ru,–ù–ê–®–ê –°–ü–†–ê–í–ö–ê - –µ–¥–∏–Ω–∞—è —Å–ø—Ä–∞–≤–æ—á–Ω–∞—è —Å–ª—É–∂–±–∞ –≥–æ—Ä–æ–¥–æ–≤ –†–æ—Å—Å–∏–∏,33605,97
allhockey.ru,allhockey.ru/,–•–æ–∫–∫–µ–π –Ω–∞ AllHockey.Ru - –≥–ª–∞–≤–Ω–∞—è —Ö–æ–∫–∫–µ–π–Ω–∞—è –ø–ª–æ—â–∞–¥–∫–∞ –†—É–Ω–µ—Ç–∞,33600,84
data-vykhoda.ru,data-vykhoda.ru/,Date,33572,81
cont.ws,cont.ws/,–ö–æ–Ω—Ç - –ø–ª–æ—â–∞–¥–∫–∞ –¥–ª—è —Å–æ—Ü–∏–∞–ª—å–Ω–æ–π –∂—É—Ä–Ω–∞–ª–∏—Å—Ç–∏–∫–∏,33482,70
ru-minecraft.ru,ru-minecraft.ru/,"–ú–∞–π–Ω–∫—Ä–∞—Ñ—Ç, –≤—Å–µ –¥–ª—è Minecraft, –º–æ–¥—ã, —Ç–µ–∫—Å—Ç—É—Ä—ã, –∫–∞—Ä—Ç—ã.",33447,72
vestivrn.ru,vestivrn.ru/,–í–ì–¢–†–ö. –ì–æ—Å—É–¥–∞—Ä—Å—Ç–≤–µ–Ω–Ω–∞—è —Ç–µ–ª–µ–≤–∏–∑–∏–æ–Ω–Ω–∞—è –∏ —Ä–∞–¥–∏–æ–≤–µ—â–∞—Ç–µ–ª—å–Ω–∞—è –∫–æ–º–ø–∞–Ω–∏—è &quot;–í–æ—Ä–æ–Ω–µ–∂&quot;,33388,96
finobzor.ru,finobzor.ru/,–≠–∫–æ–Ω–æ–º–∏—á–µ—Å–∫–æ–µ –æ–±–æ–∑—Ä–µ–Ω–∏–µ,33327,83
helpiks.org,helpiks.org/,–•–µ–ª–ø–∏–∫—Å,33258,81
ontvtime.ru,www.ontvtime.ru/,OnTVtime.ru | –û–Ω–ª–∞–π–Ω –¢–í | –ü—Ä—è–º–æ–π —ç—Ñ–∏—Ä + –ê—Ä—Ö–∏–≤—ã | –û–Ω–ª–∞–π–Ω —Ç–µ–ª–µ–≤–∏–¥–µ–Ω–∏–µ,33168,34
gamebomb.ru,gamebomb.ru/,–û–±–∑–æ—Ä—ã –∏ –∏–Ω—Ñ–æ—Ä–º–∞—Ü–∏—è –ø–æ —Å–∞–º—ã–º –ø–æ–ø—É–ª—è—Ä–Ω—ã—Ö –∏–≥—Ä–∞–º,33092,66
Allboxing,allboxing.ru,AllBoxing.Ru - –í—Å–µ –Ω–æ–≤–æ—Å—Ç–∏ –±–æ–∫—Å–∞ –∏ –ú–ú–ê,32910,64
hsdigital/rn/smi/52,nn.ru,NN.RU - –≥–ª–∞–≤–Ω—ã–µ –Ω–æ–≤–æ—Å—Ç–∏ –ù–∏–∂–Ω–µ–≥–æ –ù–æ–≤–≥–æ—Ä–æ–¥–∞. Shkulev Digital,32636,95
kp/kpall/reg/kpirk,irk.kp.ru,&quot;–ö–æ–º—Å–æ–º–æ–ª—å—Å–∫–∞—è –ø—Ä–∞–≤–¥–∞&quot; –ò—Ä–∫—É—Ç—Å–∫,32623,95
playmaker24.ru,playmaker24.ru/,–ü–ª–µ–π–º–µ–π–∫–µ—Ä - –≥–∏–¥ –≤ –º–∏—Ä–µ —Å–ø–æ—Ä—Ç–∞,32611,59
kinonews.ru,kinonews.ru/,"KinoNews.ru - –ù–æ–≤–æ—Å—Ç–∏ –∫–∏–Ω–æ, –∞–Ω–æ–Ω—Å—ã –∫–∏–Ω–æ–Ω–æ–≤–∏–Ω–æ–∫, —Ä–µ—Ü–µ–Ω–∑–∏–∏, —Ç—Ä–µ–π–ª–µ—Ä—ã, –∫–∞–¥—Ä—ã",32459,62
vuzopedia.ru,vuzopedia.ru/,–°–∞–π—Ç –¥–ª—è –∏–Ω—Ç–µ—Ä–µ—Å—É—é—â–∏—Ö—Å—è –≤—ã—Å—à–∏–º –æ–±—Ä–∞–∑–æ–≤–∞–Ω–∏–µ–º,32451,92
ya62.ru,ya62.ru/,YA62.ru_–†—è–∑–∞–Ω—Å–∫–∏–π –ø–æ—Ä—Ç–∞–ª,32255,95
hsdigital/rn/forum/66,hsdigital/rn/forum/66,E1.RU ‚Äî –§–æ—Ä—É–º,31983,87
rbc.ru/trends,www.rbc.ru/trends/,–†–ë–ö - –†–æ—Å–ë–∏–∑–Ω–µ—Å–ö–æ–Ω—Å–∞–ª—Ç–∏–Ω–≥ - –¢—Ä–µ–Ω–¥—ã,31982,78
kritika24.ru,www.kritika24.ru/,"–ö—Ä–∏—Ç–∏–∫–∞24 - –ë–∞–∑–∞ —Å–æ—á–∏–Ω–µ–Ω–∏–π –ø–æ —à–∫–æ–ª—å–Ω–æ–π –ø—Ä–æ–≥—Ä–∞–º–º–µ, –ï–ì–≠ –∏ –û–ì–≠",31732,88
gamer-info.com,gamer-info.com/,Gamer-Info - –∏–≥—Ä–æ–≤–æ–π –ø–æ—Ä—Ç–∞–ª,31604,92
mobile-review.com,mobile-review.com/,Mobile-review.com,31604,66
vse42_ru,vse42.ru,VSE42.RU - –ò–Ω—Ñ–æ—Ä–º–∞—Ü–∏–æ–Ω–Ω—ã–π —Å–∞–π—Ç –ö—É–∑–±–∞—Å—Å–∞,31393,97
Om1-group,www.om1.ru/,"Om1.ru ‚Äì Online Media #1 –æ –∂–∏–∑–Ω–∏ –≤ –ù–æ–≤–æ—Å–∏–±–∏—Ä—Å–∫–µ, –û–º—Å–∫–µ, –†–æ—Å—Å–∏–∏ –∏ –º–∏—Ä–µ",31301,97
varlamov.ru,varlamov.ru/,"–ë–ª–æ–≥ –ò–ª—å–∏ –í–∞—Ä–ª–∞–º–æ–≤–∞, –∞–≤—Ç–æ—Ä—Å–∫–æ–µ –°–ú–ò",31261,73
min2win.ru,www.min2win.ru/,–ë–µ—Å–ø–ª–∞—Ç–Ω—ã–µ –∏–≥—Ä—ã –æ–Ω–ª–∞–π–Ω.,31160,57
aif.ru/culture,aif.ru/culture/,–ê–ò–§ –ö—É–ª—å—Ç—É—Ä–∞,31120,77
vtomske,vtomske.ru,vtomske.ru ‚Äî –≥–æ—Ä–æ–¥—Å–∫–æ–π –ø–æ—Ä—Ç–∞–ª,31066,96
nsk.aif.ru,nsk.aif.ru/,–ê–∏–§ –ù–æ–≤–æ—Å–∏–±–∏—Ä—Å–∫,31040,92
dpgroup,www.dp.ru,–î–µ–ª–æ–≤–æ–π –ü–µ—Ç–µ—Ä–±—É—Ä–≥,30977,87
newsler,newsler.ru,Newsler.Ru,30939,27
cyrillitsa.ru,cyrillitsa.ru/,–ü–æ—Ä—Ç–∞–ª –ö–∏—Ä–∏–ª–ª–∏—Ü–∞,30932,92
newsler.ru,newsler.ru/,Newsler.ru,30925,27
forum.sakh.com,forum.sakh.com/,–°–∞—Ö–∞–ª–∏–Ω—Å–∫–∏–π —Ñ–æ—Ä—É–º,30867,93
pda.nn.ru,pda.nn.ru/,–ú–æ–±–∏–ª—å–Ω–∞—è –≤–µ—Ä—Å–∏—è —Å–∞–π—Ç–∞ –ù–∏–∂–Ω–∏–π –ù–æ–≤–≥–æ—Ä–æ–¥ –û–Ω-–õ–∞–π–Ω,30732,87
sibmama.ru,sibmama.ru/,Sibmama - –î–µ—Ç—è–º –∏ —Ä–æ–¥–∏—Ç–µ–ª—è–º.,30698,93
radiovesti.ru,radiovesti.ru/,–†–∞–¥–∏–æ –í–µ—Å—Ç–∏-–§–ú,30575,82
aif.ru/health,aif.ru/health/,–ê–ò–§ –ó–¥–æ—Ä–æ–≤—å–µ,30511,74
vestiprim.ru,vestiprim.ru/,–ì–¢–†–ö &quot;–í–ª–∞–¥–∏–≤–æ—Å—Ç–æ–∫&quot;,30490,96
euro-football.ru,www.euro-football.ru/,"–ï–í–†–û-–§–£–¢–ë–û–õ.—Ä—É : –Ω–æ–≤–æ—Å—Ç–∏ —Ñ—É—Ç–±–æ–ª–∞, –æ–Ω–ª–∞–π–Ω, –†–ü–õ, –õ–∏–≥–∞ –ß–µ–º–ø–∏–æ–Ω–æ–≤",30379,50
wotpack.ru,wotpack.ru/,Wotpack.ru - –ò–≥—Ä–æ–≤–æ–π –ø–æ—Ä—Ç–∞–ª,30375,82
fighttime.ru,fighttime.ru/,"FightTime.ru - –ë–æ–∏ –±–µ–∑ –ø—Ä–∞–≤–∏–ª MMA. –í—Å–µ –Ω–æ–≤–æ—Å—Ç–∏ –æ —Å–º–µ—à–∞–Ω–Ω—ã—Ö –µ–¥–∏–Ω–æ–±–æ—Ä—Å—Ç–≤–∞—Ö. –í–∏–¥–µ–æ,",30357,77
r76,r76,–ì—Ä—É–ø–ø–∞ —Å–∞–π—Ç–æ–≤ 76.ru,30143,95
dailystorm.ru,dailystorm.ru/,DailyStorm,29959,88
expert.ru,www.expert.ru/,–ñ—É—Ä–Ω–∞–ª &quot;–≠–∫—Å–ø–µ—Ä—Ç&quot;,29924,76
forum.ixbt.com,forum.ixbt.com/,–ö–æ–Ω—Ñ–µ—Ä–µ–Ω—Ü–∏—è iXBT.com,29918,74
tayga.info,tayga.info/,–¢–∞–π–≥–∞.–∏–Ω—Ñ–æ,29869,93
cameralabs.org,cameralabs.org/,"Cameralabs.org - —Å–∞–π—Ç –æ —Ñ–æ—Ç–æ–≥—Ä–∞—Ñ–∏–∏, –∫–∏–Ω–æ, —Ç–≤–æ—Ä—á–µ—Å—Ç–≤–µ, –≤–¥–æ—Ö–Ω–æ–≤–µ–Ω–∏–∏ –∏ –∏—Å–∫—É—Å—Å—Ç–≤–µ.",29855,86
kto-chto-gde.ru,kto-chto-gde.ru/,"–ö—Ç–æ? –ß—Ç–æ? –ì–¥–µ? - –ø–æ–∑–Ω–∞–≤–∞—Ç–µ–ª—å–Ω—ã–π –ø—Ä–æ–µ–∫—Ç: —Å—Ç–∞—Ç—å–∏, –ø—Ä–∞–∑–¥–Ω–∏–∫–∏, –ø–æ–∑–¥—Ä–∞–≤–ª–µ–Ω–∏—è, –∏–º–µ–Ω–∞",29751,88
orsk.ru,orsk.ru/,ORSK.RU –ò–Ω—Ñ–æ—Ä–º–∞—Ü–∏–æ–Ω–Ω—ã–π –ø–æ—Ä—Ç–∞–ª,29736,93
novate.ru,novate.ru/,"–õ—É—á—à–∏–µ –∏–Ω–Ω–æ–≤–∞—Ü–∏–∏ —Å–æ –≤—Å–µ–≥–æ –º–∏—Ä–∞, —Å—Ç—Ä–æ–≥–∏–π –æ—Ç–±–æ—Ä!",29736,31
kp/kpall/reg/kpkazan,kazan.kp.ru,&quot;–ö–æ–º—Å–æ–º–æ–ª—å—Å–∫–∞—è –ø—Ä–∞–≤–¥–∞&quot; –ö–∞–∑–∞–Ω—å,29684,98
Samara24,samaraonline24.ru,–°–∞–º–∞—Ä–∞24,29668,95
coop-land.ru,coop-land.ru/,"–ú–∏—Ä –∫–æ–æ–ø–µ—Ä–∞—Ç–∏–≤–Ω—ã—Ö –∏–≥—Ä, Coop-Land.ru",29608,91
RS_Total/Sputniki_Total/Sputnik/Sputnik_am,sputnikarmenia.ru,–°–ø—É—Ç–Ω–∏–∫ –ê—Ä–º–µ–Ω–∏—è,29565,36
krasnodar.hh.ru,krasnodar.hh.ru/,"HeadHunter::–ö—Ä–∞—Å–Ω–æ–¥–∞—Ä ‚Äì –ª—É—á—à–∏–µ –≤–∞–∫–∞–Ω—Å–∏–∏, —É—Å–ø–µ—à–Ω—ã–µ –∫–∞–Ω–¥–∏–¥–∞—Ç—ã",29551,96
gorodrabot.ru,gorodrabot.ru/,gorodrabot.ru,29441,93
alltime.ru,www.alltime.ru/,AllTime.Ru - —á–∞—Å—ã –ø–æ–¥–∞—Ä–∫–∏ —Å—É–≤–µ–Ω–∏—Ä—ã.,29404,79
versia.ru,versia.ru/,–í–µ—Ä—Å–∏—è - –Ω–æ–≤–æ—Å—Ç–∏ –∏ —Ä–∞—Å—Å–ª–µ–¥–æ–≤–∞–Ω–∏—è –≥–∞–∑–µ—Ç—ã ¬´–ù–∞—à–∞ –≤–µ—Ä—Å–∏—è¬ª,29352,91
brotorrent.net,brotorrent.net/,–¢–û–ü—á–∏–∫ üòò,29336,81
kp/kpall/reg/kpkrsk,krsk.kp.ru,&quot;–ö–æ–º—Å–æ–º–æ–ª—å—Å–∫–∞—è –ø—Ä–∞–≤–¥–∞&quot; –ö—Ä–∞—Å–Ω–æ—è—Ä—Å–∫,29150,97
comandir.com,comandir.com/,–ò–Ω—Ñ–æ—Ä–º–∞—Ü–∏–æ–Ω–Ω—ã–π –ø–æ—Ä—Ç–∞–ª ComandiR.com,29126,90
pravo_group,pravo.ru,–ü–†–ê–í–û.ru - –ò–Ω—Ñ–æ—Ä–º–∞—Ü–∏–æ–Ω–Ω–æ-–ø—Ä–∞–≤–æ–≤–æ–π –ø–æ—Ä—Ç–∞–ª,29122,91
govoritmoskva.ru,govoritmoskva.ru/,–†–∞–¥–∏–æ—Å—Ç–∞–Ω—Ü–∏—è &quot;–ì–æ–≤–æ—Ä–∏—Ç –ú–æ—Å–∫–≤–∞&quot; 94.8FM,29010,82
RBCRU/CHR,chr.rbc.ru/,–†–ë–ö - –†–æ—Å–ë–∏–∑–Ω–µ—Å–ö–æ–Ω—Å–∞–ª—Ç–∏–Ω–≥ - –ß–µ—Ä–Ω–æ–∑–µ–º—å–µ,28950,97
2gis/online/ru/krasnoyarsk,2gis.ru,"–ö–∞—Ä—Ç–∞ –ö—Ä–∞—Å–Ω–æ—è—Ä—Å–∫–∞: —É–ª–∏—Ü—ã, –¥–æ–º–∞ –∏ –æ—Ä–≥–∞–Ω–∏–∑–∞—Ü–∏–∏ –≥–æ—Ä–æ–¥–∞ ‚Äî 2–ì–ò–°",28944,99
stranamam,www.stranamam.ru/,–°—Ç—Ä–∞–Ω–∞ –º–∞–º,28806,61
freesoft.ru,freesoft.ru/,freeSOFT - —Å–∫–∞—á–∞—Ç—å –±–µ—Å–ø–ª–∞—Ç–Ω—ã–µ –ø—Ä–æ–≥—Ä–∞–º–º—ã –±–µ–∑ –≤–∏—Ä—É—Å–æ–≤,28568,72
1gl.ru,www.1gl.ru/,&quot;–°–∏—Å—Ç–µ–º–∞ –ì–ª–∞–≤–±—É—Ö&quot; - –±—É—Ö–≥–∞–ª—Ç–µ—Ä—Å–∫–∞—è —Å–ø—Ä–∞–≤–æ—á–Ω–∞—è —Å–∏—Å—Ç–µ–º–∞,28556,94
astv.ru,astv.ru/,–ü–æ—Ä—Ç–∞–ª –ê–°–¢–í,28487,95
goha.ru,www.goha.ru/,GoHa.Ru - –§–æ—Ä—É–º—ã –∏ –°–∞–π—Ç—ã –ú–ú–û–†–ü–ì. –í—Å–µ –Ω–æ–≤–æ—Å—Ç–∏ –ò–≥—Ä–æ–≤–æ–≥–æ –ú–∏—Ä–∞ –∏ –ú–∏—Ä–∞ –ö–æ–º–ø—å—é—Ç–µ—Ä–æ–≤.,28483,79
bibliofond.ru,www.bibliofond.ru/,–≠–ª–µ–∫—Ç—Ä–æ–Ω–Ω–∞—è –±–∏–±–ª–∏–æ—Ç–µ–∫–∞ –ë–ò–ë–õ–ò–û–§–û–ù–î,28443,82
bigpicture.ru,bigpicture.ru/,BigPicture.ru - –ù–æ–≤–æ—Å—Ç–∏ –≤ —Ñ–æ—Ç–æ–≥—Ä–∞—Ñ–∏—è—Ö,28400,35
the-flow.ru,the-flow.ru/,The Flow,28364,73
yaoi-chan.me,yaoi-chan.me/,–Ø–æ–π-—Ç—è–Ω - –ª—É—á—à–∞—è —è–æ–π –º–∞–Ω–≥–∞,28286,70
220vk.com,220vk.com/,220vk - –£–∑–Ω–∞–π –∫–æ–≥–æ —Å–∫—Ä—ã–≤–∞—é—Ç —Ç–≤–æ–∏ –¥—Ä—É–∑—å—è –í–ö–æ–Ω—Ç–∞–∫—Ç–µ,28140,89
softportal.com,www.softportal.com/,SOFTPORTAL- c–∫–∞—á–∞—Ç—å –ë–ï–°–ü–õ–ê–¢–ù–´–ï –ø—Ä–æ–≥—Ä–∞–º–º—ã,27872,67
newdaynews.ru,newdaynews.ru/,–†–ò–ê –ù–æ–≤—ã–π –î–µ–Ω—å,27868,83
dni24.com,dni24.com/,–ù–µ–∑–∞–≤–∏—Å–∏–º–æ–µ –∏–Ω—Ç–µ—Ä–Ω–µ—Ç-–∏–∑–¥–∞–Ω–∏–µ &quot;–î–ù–ò24&quot;,27865,90
trinixy.ru,trinixy.ru/,–¢–†–ò–ù–ò–ö–°–ò - –°–∞–º–æ–µ –∏–Ω—Ç–µ—Ä–µ—Å–Ω–æ–µ,27786,82
citaty.info,citaty.info/,Citaty.info - —Ü–∏—Ç–∞—Ç—ã –Ω–∞ –ª—é–±–æ–π –≤–∫—É—Å,27706,55
altapress,altapress.ru/,"–ê–ª—Ç–∞–ø—Ä–µ—Å—Å, –∏–∑–¥–∞—Ç–µ–ª—å—Å–∫–∏–π –¥–æ–º",27556,94
arhangel.ru,arhangel.ru/,"–ê—Ä—Ö–∞–Ω–≥–µ–ª.ru: —Å–æ–Ω–Ω–∏–∫, –æ–Ω–ª–∞–π–Ω –≥–∞–¥–∞–Ω–∏—è, —Ç–µ—Å—Ç—ã, –≥–æ—Ä–æ—Å–∫–æ–ø—ã",27488,67
u-mama.ru,u-mama.ru/,U-mama.ru - —Å–∞–π—Ç –¥–ª—è –Ω–∞—Å—Ç–æ—è—â–∏—Ö –∏ –±—É–¥—É—â–∏—Ö —Ä–æ–¥–∏—Ç–µ–ª–µ–π,27461,83
pravo.ru,pravo.ru/,–ü–†–ê–í–û.–†—É - –ò–Ω—Ñ–æ—Ä–º–∞—Ü–∏–æ–Ω–Ω–æ-–ø—Ä–∞–≤–æ–≤–æ–π –ø–æ—Ä—Ç–∞–ª,27324,91
art-lunch.ru,art-lunch.ru/,–ê—Ä—Ç –õ–∞–Ω—á - –ê–≤—Ç–æ—Ä—Å–∫–∏–µ —Ä–µ—Ü–µ–ø—Ç—ã —Å —Ñ–æ—Ç–æ–≥—Ä–∞—Ñ–∏—è–º–∏,27302,63
libking.ru,libking.ru/,–ö–Ω–∏–≥–∏ —á–∏—Ç–∞—Ç—å –æ–Ω–ª–∞–π–Ω,27234,80
appleinsider.ru,appleinsider.ru/,"AppleInsider.ru -  –í—Å–µ –æ–± Apple, iPhone, iPad, iPod, iMac, MacBook",27229,67
buhsoft.ru,www.buhsoft.ru/,"–ë—É—Ö–°–æ—Ñ—Ç. –ù–æ–≤–æ—Å—Ç–∏, —Å—Ç–∞—Ç—å–∏, –±–ª–∞–Ω–∫–∏ –¥–ª—è –±—É—Ö–≥–∞–ª—Ç–µ—Ä–∞ –º–∞–ª–æ–≥–æ –∏ —Å—Ä–µ–¥–Ω–µ–≥–æ –±–∏–∑–Ω–µ—Å–∞",26971,92
ulpressa.ru,ulpressa.ru/,–£–ª–ø—Ä–µ—Å—Å–∞ - –≤—Å–µ –Ω–æ–≤–æ—Å—Ç–∏ –£–ª—å—è–Ω–æ–≤—Å–∫–∞,26959,97
moslenta.ru,moslenta.ru/,–ú–æ—Å–ª–µ–Ω—Ç–∞,26896,81
rubaltic.ru,rubaltic.ru/,RuBaltic.Ru,26896,69
discovery-russia.ru,discovery-russia.ru/,–ñ—É—Ä–Ω–∞–ª –æ –Ω–µ–æ–±—ã—á–Ω—ã—Ö –ø—É—Ç–µ—à–µ—Å—Ç–≤–∏—è—Ö Discovery Russia,26817,84
sletat.ru,sletat.ru/,–°–ª–µ—Ç–∞—Ç—å.—Ä—É - –ø–æ–∏—Å–∫ –∏ —Å—Ä–∞–≤–Ω–µ–Ω–∏–µ —Ü–µ–Ω –Ω–∞ —Ç—É—Ä—ã –∏ —á–∞—Ä—Ç–µ—Ä—ã –±–æ–ª–µ–µ 130 —Ç—É—Ä–æ–ø–µ—Ä–∞—Ç–æ—Ä–æ–≤,26680,88
colady.ru,www.colady.ru/,–ù–∞—Å—Ç–æ—è—â–∞—è –õ–µ–¥–∏ - –æ–Ω–ª–∞–π–Ω –∂—É—Ä–Ω–∞–ª –¥–ª—è –∂–µ–Ω—â–∏–Ω,26657,90
kp/kpall/reg/kpchel,chel.kp.ru,&quot;–ö–æ–º—Å–æ–º–æ–ª—å—Å–∫–∞—è –ø—Ä–∞–≤–¥–∞&quot; –ß–µ–ª—è–±–∏–Ω—Å–∫,26586,94
doctorpiter.ru,doctorpiter.ru/,&quot;–î–æ–∫—Ç–æ—Ä –ü–∏—Ç–µ—Ä&quot; - –ø–µ—Ç–µ—Ä–±—É—Ä–≥—Å–∫–∏–π —Å–∞–π—Ç –æ –∑–¥–æ—Ä–æ–≤—å–µ,26503,88
poisk-ru.ru,poisk-ru.ru/,–ü–æ–∏—Å–∫ –õ–µ–∫—Ü–∏–π,26462,89
samara.hh.ru,samara.hh.ru/,"HeadHunter::–°–∞–º–∞—Ä–∞ - –ª—É—á—à–∏–µ –≤–∞–∫–∞–Ω—Å–∏–∏, —É—Å–ø–µ—à–Ω—ã–µ –∫–∞–Ω–¥–∏–¥–∞—Ç—ã",26444,98
cheb.ru,www.cheb.ru/,www.CHEB.ru - —Å–ø—Ä–∞–≤–æ—á–Ω—ã–π –ø–æ—Ä—Ç–∞–ª –≥. –ß–µ–±–æ–∫—Å–∞—Ä—ã,26302,98
trikky.ru,trikky.ru/,–¢—Ä–∏–∫–∫–∏ - –±–µ—Å–ø–ª–∞—Ç–Ω—ã–µ —Ç–µ—Å—Ç—ã,26298,74
edu.rosminzdrav.ru,edu.rosminzdrav.ru/,–ü–û–†–¢–ê–õ –ù–ï–ü–†–ï–†–´–í–ù–û–ì–û –ú–ï–î–ò–¶–ò–ù–°–ö–û–ì–û –ò –§–ê–†–ú–ê–¶–ï–í–¢–ò–ß–ï–°–ö–û–ì–û –û–ë–†–ê–ó–û–í–ê–ù–ò–Ø,26295,97
katti.ucoz.ru,www.katti.ucoz.ru/,–ò–Ω—Ç–µ—Ä–Ω–µ—Ç-—Å–æ–æ–±—â–µ—Å—Ç–≤–æ —É—á–∏—Ç–µ–ª–µ–π,26279,75
PLUSOX,pluso.ru,Pluso X,26226,52
progorodsamara.ru,progorodsamara.ru/,–ü—Ä–æ–ì–æ—Ä–æ–¥ –°–∞–º–∞—Ä–∞ - –Ω–æ–≤–æ—Å—Ç–∏ C–∞–º–∞—Ä—ã,26091,95
csgo.tm,csgo.tm/,–¢–æ—Ä–≥–æ–≤–∞—è –ø–ª–æ—â–∞–¥–∫–∞ Counter-Strike: Global Offensive,26043,73
kaspyinfo.ru,kaspyinfo.ru/,–ù–æ–≤–æ—Å—Ç–∏ –ê—Å—Ç—Ä–∞—Ö–∞–Ω–∏ –∏ —Ä–µ–≥–∏–æ–Ω–∞,26037,91
neolove,neolove.ru/,–ñ–µ–Ω—Å–∫–∏–π –∏–Ω—Ç–µ—Ä–Ω–µ—Ç –∂—É—Ä–Ω–∞–ª NeoLove.ru,26023,64
NETBRO_MEDIA,netbro.media,"NETBRO MEDIA ‚Äî —Å—Ç—Ä–æ–∏—Ç–µ–ª—å—Å—Ç–≤–æ, —Ä–µ–º–æ–Ω—Ç, –¥–∏–∑–∞–π–Ω, DIY",25974,91
—Å–æ–ª—ë–Ω–∫–∞.—Ä—Ñ,—Å–æ–ª—ë–Ω–∫–∞.—Ä—Ñ/,–†–æ—Å—Å–∏–π—Å–∫–æ–µ –∏–Ω—Ç–µ—Ä–Ω–µ—Ç-–∏–∑–¥–∞–Ω–∏–µ,25962,91
nrg-tk.ru,nrg-tk.ru/,–¢—Ä–∞–Ω—Å–ø–æ—Ä—Ç–Ω–∞—è –ö–æ–º–ø–∞–Ω–∏—è –û–û–û &quot;–≠–Ω–µ—Ä–≥–∏—è&quot;,25937,92
bloknot-voronezh.ru,bloknot-voronezh.ru/,–ë–ª–æ–∫–Ω–æ—Ç –í–æ—Ä–æ–Ω–µ–∂–∞,25877,56
sibdepo.ru,sibdepo.ru/,&quot;–°–∏–±–î–µ–ø–æ&quot;,25810,97
aftershock.news,aftershock.news/,AfterShock,25734,76
fanfics.ru,fanfics.ru/,"Fanfics.me - –í–æ—Å—å–º–∞—è, –¥–µ–≤—è—Ç–∞—è –∏ –¥–µ—Å—è—Ç–∞—è –∫–Ω–∏–≥–∏ –æ –ì–∞—Ä—Ä–∏ –ü–æ—Ç—Ç–µ—Ä–µ –≤ —Ñ–∞–Ω—Ñ–∏–∫–∞—Ö",25724,75
gazeta.ru/tech,gazeta.ru/tech/,–ì–∞–∑–µ—Ç–∞.Ru: –¢–µ—Ö–Ω–æ–ª–æ–≥–∏–∏,25693,92
kp/kpall/reg/kpsamara,samara.kp.ru,&quot;–ö–æ–º—Å–æ–º–æ–ª—å—Å–∫–∞—è –ø—Ä–∞–≤–¥–∞&quot; –°–∞–º–∞—Ä–∞,25623,95
02,ufa1.ru,–ì—Ä—É–ø–ø–∞ —Å–∞–π—Ç–æ–≤ Ufa1.ru,25568,95
primamedia,primamedia.ru,"PrimaMedia - –Ω–æ–≤–æ—Å—Ç–∏ –î–∞–ª—å–Ω–µ–≥–æ –í–æ—Å—Ç–æ–∫–∞, –í–ª–∞–¥–∏–≤–æ—Å—Ç–æ–∫–∞, –ü—Ä–∏–º–æ—Ä—Å–∫–æ–≥–æ –∫—Ä–∞—è",25527,94
tolknews.ru,tolknews.ru/,–¢–æ–ª–∫,25447,92
infostart.ru,infostart.ru/,"–û—Ç—á–µ—Ç—ã –∏ –æ–±—Ä–∞–±–æ—Ç–∫–∏ –¥–ª—è 1–° 7.7, 1C 8.x. - –ò–Ω—Ñ–æ—Å—Ç–∞—Ä—Ç.–†—É",25264,82
vyatka-grad.ru,vyatka-grad.ru/,–í—è—Ç–∫–∞ –û–±–ª–∞—Å—Ç–Ω–∞—è,25252,68
vostokmedia.ru,vostokmedia.ru/,–ò–ê &quot;–í–æ—Å—Ç–æ–∫-–ú–µ–¥–∏–∞&quot; - 1Mediainvest,25212,95
wroom.ru,wroom.ru/,Wroom.ru,25205,73
hsdigital/rn/realty/54,realty.ngs.ru/,–ù–ì–°.–ù–ï–î–í–ò–ñ–ò–ú–û–°–¢–¨ ‚Äî –ù–æ–≤–æ—Å–∏–±–∏—Ä—Å–∫,25195,97
ru.hellomagazine.com,ru.hellomagazine.com/,Hello,25180,69
cyberpedia.su,cyberpedia.su/,–ö–∏–±–µ—Ä–ü–µ–¥–∏—è,24980,85
gotovim-doma.ru,gotovim-doma.ru/,–ì–æ—Ç–æ–≤–∏–º –¥–æ–º–∞ - –ø—Ä–æ—Å—Ç—ã–µ –∫—É–ª–∏–Ω–∞—Ä–Ω—ã–µ —Ä–µ—Ü–µ–ø—Ç—ã —Å —Ñ–æ—Ç–æ–≥—Ä–∞—Ñ–∏—è–º–∏,24803,57
riavrn.ru,riavrn.ru/,–†–ò–ê –í–æ—Ä–æ–Ω–µ–∂,24768,94
click-or-die.ru,click-or-die.ru/,"–ü–∞–ª–∞—á | IT, –≥–∞–¥–∂–µ—Ç—ã, –º–µ–¥–∏–∞",24766,64
technical.city,technical.city/,Technical City,24764,37
ng.ru,www.ng.ru/,–ù–ï–ó–ê–í–ò–°–ò–ú–ê–Ø –ì–ê–ó–ï–¢–ê,24753,67
calorizator.ru,calorizator.ru/,"Calorizator.ru - –ê–Ω–∞–ª–∏–∑–∏—Ä—É–π —Ç–æ, —á—Ç–æ —Ç—ã –µ—à—å!",24594,64
kazan.hh.ru,kazan.hh.ru/,"HeadHunter::–ö–∞–∑–∞–Ω—å ‚Äì –ª—É—á—à–∏–µ –≤–∞–∫–∞–Ω—Å–∏–∏, —É—Å–ø–µ—à–Ω—ã–µ –∫–∞–Ω–¥–∏–¥–∞—Ç—ã",24591,97
gorobzor.ru,gorobzor.ru/,GOROBZOR.RU,24562,95
bloknot.ru,bloknot.ru/,–ë–ª–æ–∫–Ω–æ—Ç,24500,91
ufatime-ufacitynews,ufacitynews.ru,–ì—Ä—É–ø–ø–∞ —Å–∞–π—Ç–æ–≤ –£—Ñ–∞—Ç–∞–π–º,24466,96
kakoysegodnyaprazdnik.ru,kakoysegodnyaprazdnik.ru/,–ö–∞–∫–æ–π –°–µ–≥–æ–¥–Ω—è –ü—Ä–∞–∑–¥–Ω–∏–∫?,24447,76
readovka.ru,readovka.ru/,Readovka.ru,24431,92
IzhLife,izhlife.ru,IzhLife,24364,91
ucheba.ru,www.ucheba.ru/,"–£—á–µ–±–∞.—Ä—É - –í–£–ó—ã, –∏–Ω—Å—Ç–∏—Ç—É—Ç—ã, —É–Ω–∏–≤–µ—Ä—Å–∏—Ç–µ—Ç—ã, –∞–∫–∞–¥–µ–º–∏–∏, –∫—É—Ä—Å—ã, —à–∫–æ–ª—ã, –∫–æ–ª–ª–µ–¥–∂–∏",24244,91
2gis/online/ru/chelyabinsk,2gis.ru,"–ö–∞—Ä—Ç–∞ –ß–µ–ª—è–±–∏–Ω—Å–∫–∞: —É–ª–∏—Ü—ã, –¥–æ–º–∞ –∏ –æ—Ä–≥–∞–Ω–∏–∑–∞—Ü–∏–∏ –≥–æ—Ä–æ–¥–∞ ‚Äî 2–ì–ò–°",24104,98
RBCRU/ROSTOV,RBCRU/ROSTOV,–†–ë–ö - –†–æ—Å–ë–∏–∑–Ω–µ—Å–ö–æ–Ω—Å–∞–ª—Ç–∏–Ω–≥ - –†–æ—Å—Ç–æ–≤,24065,96
B2B-Center,www.b2b-center.ru/,"B2B-Center ‚Äî –ï–¥–∏–Ω–∞—è —Å–∏—Å—Ç–µ–º–∞ —ç–ª–µ–∫—Ç—Ä–æ–Ω–Ω—ã—Ö —Ç–æ—Ä–≥–æ–≤, –≤—Å–µ –ø–ª–æ—â–∞–¥–∫–∏",23995,92
RBCRU/NN,RBCRU/NN,–†–ë–ö - –†–æ—Å–ë–∏–∑–Ω–µ—Å–ö–æ–Ω—Å–∞–ª—Ç–∏–Ω–≥ - –ù–∏–∂–Ω–∏–π –ù–æ–≤–≥–æ—Ä–æ–¥,23963,98
kurer-sreda.ru,kurer-sreda.ru/,–ö—É—Ä—å–µ—Ä –°—Ä–µ–¥–∞ –ë–µ—Ä–¥—Å–∫,23828,91
manga-online.biz,manga-online.biz/,Manga-Online,23806,81
lvrach.ru,www.lvrach.ru/,&quot;–õ–µ—á–∞—â–∏–π –≤—Ä–∞—á&quot; - –ú–µ–¥–∏—Ü–∏–Ω—Å–∫–∏–π –Ω–∞—É—á–Ω–æ-–ø—Ä–∞–∫—Ç–∏—á–µ—Å–∫–∏–π –ø–æ—Ä—Ç–∞–ª,23714,78
riarealty.ru,riarealty.ru/,¬´–†–ò–ê –ù–æ–≤–æ—Å—Ç–∏ - –ù–µ–¥–≤–∏–∂–∏–º–æ—Å—Ç—å¬ª,23532,91
nn.hh.ru,nn.hh.ru/,"HeadHunter::–ù–∏–∂–Ω–∏–π –ù–æ–≤–≥–æ—Ä–æ–¥ - –ª—É—á—à–∏–µ –≤–∞–∫–∞–Ω—Å–∏–∏, —É—Å–ø–µ—à–Ω—ã–µ –∫–∞–Ω–¥–∏–¥–∞—Ç—ã",23526,98
vokrugsveta.ru,www.vokrugsveta.ru/,–í–æ–∫—Ä—É–≥ —Å–≤–µ—Ç–∞,23173,71
radikal.ru,radikal.ru/,–†–∞–¥–∏–∫–∞–ª-–§–æ—Ç–æ - —Ñ–æ—Ç–æ- –∏ –≤–∏–¥–µ–æ—Ö–æ—Å—Ç–∏–Ω–≥,23102,48
kakpishem.ru,kakpishem.ru/,–ü—Ä–∞–≤–æ–ø–∏—Å–∞–Ω–∏–µ —Ä—É—Å—Å–∫–æ–≥–æ —è–∑—ã–∫–∞ –ö–∞–∫–ü–∏—à–µ–º.—Ä—É,23081,83
u-tv.ru,www.u-tv.ru/,–¢–µ–ª–µ–∫–∞–Ω–∞–ª –Æ,22941,90
kaluga-poisk.ru,kaluga-poisk.ru/,Kaluga-poisk.ru - –≥–æ—Ä–æ–¥—Å–∫–æ–π –∏–Ω—Ñ–æ—Ä–º–∞—Ü–∏–æ–Ω–Ω—ã–π –ø–æ—Ä—Ç–∞–ª,22913,95
news.vtomske.ru,news.vtomske.ru/,–ù–æ–≤–æ—Å—Ç–∏ vtomske.ru ‚Äî –≥–ª–∞–≤–Ω—ã–µ —Å–æ–±—ã—Ç–∏—è –¢–æ–º—Å–∫–∞,22777,96
78.ru,78.ru/,–ì–æ—Ä–æ–¥—Å–∫–æ–π –ø–æ—Ä—Ç–∞–ª 78.ru,22762,90
kosmetista.ru,kosmetista.ru/,–ö–æ—Å–º–µ—Ç–∏—Å—Ç–∞ - –æ—Ç–∑—ã–≤—ã –æ –∫–æ—Å–º–µ—Ç–∏–∫–µ,22608,60
pg21.ru,pg21.ru/,–ü–æ—Ä—Ç–∞–ª PRO –ì–æ—Ä–æ–¥ –ß–µ–±–æ–∫—Å–∞—Ä—ã –∏ –ù–æ–≤–æ—á–µ–±–æ–∫—Å–∞—Ä—Å–∫,22590,96
2gis/online/ru/perm,2gis.ru,"–ö–∞—Ä—Ç–∞ –ü–µ—Ä–º–∏: —É–ª–∏—Ü—ã, –¥–æ–º–∞ –∏ –æ—Ä–≥–∞–Ω–∏–∑–∞—Ü–∏–∏ –≥–æ—Ä–æ–¥–∞ ‚Äî 2–ì–ò–°",22549,98
eaomedia.ru,eaomedia.ru/,EAOmedia.ru - –Ω–æ–≤–æ—Å—Ç–∏ –ë–∏—Ä–æ–±–∏–¥–∂–∞–Ω–∞ –∏ –ï–ê–û,22501,89
vladnews.ru,vladnews.ru/,"–ù–æ–≤–æ—Å—Ç–∏ –í–ª–∞–¥–∏–≤–æ—Å—Ç–æ–∫–∞ –∏ –ü—Ä–∏–º–æ—Ä—Å–∫–æ–≥–æ –∫—Ä–∞—è,",22449,95
arigus-tv.ru,arigus-tv.ru/,–¢–µ–ª–µ—Ä–∞–¥–∏–æ–∫–æ–º–ø–∞–Ω–∏—è &quot;–ê—Ä–∏–≥ –£—Å&quot;,22442,96
